iteration,Episode_Reward/progress,Episode_Reward/alive,Episode_Reward/upright,Episode_Reward/move_to_target,Episode_Reward/action_l2,Episode_Reward/energy,Episode_Reward/joint_pos_limits,Episode_Reward/action_rate,Episode_Reward/body_sway,Episode_Termination/time_out,Episode_Termination/torso_height,Train/mean_episode_length,Train/mean_reward,Policy/mean_noise_std
0,0.01874394342303276,0.00859142653644085,0.0016943359514698386,0.008593752048909664,-0.0001194103024317883,-0.007241423241794109,-0.0024843725841492414,0.0,0.0,0.018768310546875,0.00014495849609375,19.90999984741211,0.5407232642173767,0.04093693941831589
1,0.08312762528657913,0.02519295923411846,0.0043905507773160934,0.023563003167510033,-0.0004368156078271568,-0.02127021923661232,-0.010139640420675278,0.0,0.0,0.04845428466796875,0.00121307373046875,54.41999816894531,1.9953815937042236,0.04098568111658096
2,0.20699754357337952,0.04187754541635513,0.007779413368552923,0.04036184400320053,-0.0006860038265585899,-0.03873828053474426,-0.016322901472449303,0.0,0.0,0.08081817626953125,0.00688934326171875,86.47000122070312,4.297332286834717,0.04098197817802429
3,0.35013529658317566,0.05855601280927658,0.011294983327388763,0.05801292508840561,-0.0009031227673403919,-0.05532442778348923,-0.022394517436623573,0.0,0.0,0.11449432373046875,0.0089874267578125,117.87000274658203,6.958852767944336,0.04102242738008499
4,0.5065891742706299,0.07494229078292847,0.014563286677002907,0.07408596575260162,-0.001184264663606882,-0.07586751133203506,-0.029225267469882965,0.0,0.0,0.14914703369140625,0.0107879638671875,151.22000122070312,9.506067276000977,0.041104383766651154
5,0.6451538801193237,0.09096347540616989,0.017598263919353485,0.089618980884552,-0.0014317171880975366,-0.09141197055578232,-0.036152925342321396,0.0,0.0,0.18436431884765625,0.01337432861328125,179.41000366210938,11.890228271484375,0.041068803519010544
6,0.8018987774848938,0.1077541932463646,0.02096589282155037,0.10603395104408264,-0.00170590216293931,-0.10932451486587524,-0.04361654072999954,0.0,0.0,0.21484375,0.0164031982421875,209.86000061035156,14.393510818481445,0.04103851690888405
7,0.938744068145752,0.12322743237018585,0.023995524272322655,0.12127542495727539,-0.0019584298133850098,-0.12491673231124878,-0.05024401471018791,0.0,0.0,0.24436187744140625,0.02044677734375,239.72000122070312,16.540428161621094,0.04107195883989334
8,1.0910401344299316,0.13997140526771545,0.02723037824034691,0.13731536269187927,-0.002227318473160267,-0.14084301888942719,-0.057735323905944824,0.0,0.0,0.277435302734375,0.02447509765625,274.9700012207031,19.873029708862305,0.0410737581551075
9,1.2419438362121582,0.15540927648544312,0.030180109664797783,0.15196725726127625,-0.00251440959982574,-0.15885451436042786,-0.06537876278162003,0.0,0.0,0.31339263916015625,0.028900146484375,304.42999267578125,22.386661529541016,0.04114477336406708
10,1.4238876104354858,0.17404237389564514,0.03413356840610504,0.17164935171604156,-0.0027845927979797125,-0.180437833070755,-0.0718289241194725,0.0,0.0,0.3430633544921875,0.0332794189453125,337.6499938964844,24.86430549621582,0.041123829782009125
11,1.5277936458587646,0.18929067254066467,0.036791399121284485,0.18462157249450684,-0.003040351439267397,-0.1923215091228485,-0.07987356185913086,0.0,0.0,0.37298583984375,0.036590576171875,367.2200012207031,27.01544761657715,0.04113741219043732
12,1.6986885070800781,0.2038719207048416,0.040129031985998154,0.2016546130180359,-0.0032268010545521975,-0.2099672108888626,-0.08513462543487549,0.0,0.0,0.40564727783203125,0.04222869873046875,393.54998779296875,29.754701614379883,0.04116160795092583
13,1.8704326152801514,0.2247435301542282,0.04417095705866814,0.22284583747386932,-0.003542261430993676,-0.2314731478691101,-0.09382490813732147,0.0,0.0,0.43834686279296875,0.04604339599609375,433.1099853515625,32.86994552612305,0.041261568665504456
14,2.0166399478912354,0.23727694153785706,0.04676297679543495,0.23577110469341278,-0.003708244301378727,-0.2416825294494629,-0.09938281774520874,0.0,0.0,0.470794677734375,0.048553466796875,466.44000244140625,36.137237548828125,0.04132352024316788
15,2.1082119941711426,0.24844619631767273,0.048435963690280914,0.24598729610443115,-0.003990562632679939,-0.2584366202354431,-0.10581008344888687,0.0,0.0,0.5001907348632812,0.050994873046875,489.0,37.56920623779297,0.041249580681324005
16,2.3127217292785645,0.26996445655822754,0.05294407904148102,0.2662827968597412,-0.004259606823325157,-0.2760242223739624,-0.11368834227323532,0.0,0.0,0.5302200317382812,0.05454254150390625,520.02001953125,40.26486587524414,0.041294679045677185
17,2.3558764457702637,0.2802875339984894,0.05459488555788994,0.2754257619380951,-0.004469703882932663,-0.28711360692977905,-0.1184810996055603,0.0,0.0,0.5592193603515625,0.05849456787109375,540.7899780273438,41.13682556152344,0.04125690460205078
18,2.5561177730560303,0.3006446063518524,0.05890955030918121,0.2964196801185608,-0.004729970823973417,-0.3055265545845032,-0.12652388215065002,0.0,0.0,0.5868682861328125,0.062591552734375,575.3200073242188,44.10747146606445,0.04128547012805939
19,2.6706066131591797,0.3108486533164978,0.06122462451457977,0.3074253797531128,-0.004964548163115978,-0.32181400060653687,-0.13156138360500336,0.0,0.0,0.615509033203125,0.06606292724609375,608.8099975585938,47.701595306396484,0.041253186762332916
20,2.8795554637908936,0.3332141041755676,0.06558752804994583,0.32965970039367676,-0.005298232659697533,-0.34451210498809814,-0.14167621731758118,0.0,0.0,0.6447296142578125,0.0694427490234375,633.6699829101562,48.90696716308594,0.041250940412282944
21,3.0347471237182617,0.3465747833251953,0.06823167204856873,0.3428138494491577,-0.005561783444136381,-0.3609996438026428,-0.1478235423564911,0.0,0.0,0.6708984375,0.0720977783203125,664.5800170898438,52.61247634887695,0.04125142842531204
22,3.130117416381836,0.3601546287536621,0.07080315798521042,0.35618123412132263,-0.005724039860069752,-0.37278491258621216,-0.15227816998958588,0.0,0.0,0.6976776123046875,0.075531005859375,697.3300170898438,54.449039459228516,0.041190892457962036
23,3.259183406829834,0.3791658282279968,0.07469545304775238,0.37425678968429565,-0.006035557948052883,-0.39259809255599976,-0.16066011786460876,0.0,0.0,0.7278976440429688,0.0781707763671875,739.97998046875,57.57054901123047,0.0412689708173275
24,3.3059730529785156,0.3811606168746948,0.07491181790828705,0.37567371129989624,-0.006168186664581299,-0.39779019355773926,-0.1628376543521881,0.0,0.0,0.756500244140625,0.0794677734375,759.9600219726562,59.64992904663086,0.04122229665517807
25,3.570465564727783,0.41005563735961914,0.0807206854224205,0.4051482081413269,-0.006476955488324165,-0.42201465368270874,-0.17501194775104523,0.0,0.0,0.78338623046875,0.08200836181640625,772.4500122070312,60.049652099609375,0.04124615713953972
26,3.749544143676758,0.4222983419895172,0.08354046940803528,0.41902095079421997,-0.006637184415012598,-0.4336432218551636,-0.17946270108222961,0.0,0.0,0.8078384399414062,0.08447265625,818.5900268554688,65.034912109375,0.041147246956825256
27,3.8914523124694824,0.44038066267967224,0.08693084120750427,0.4362323582172394,-0.006994870025664568,-0.45628926157951355,-0.18724077939987183,0.0,0.0,0.8364639282226562,0.086883544921875,850.77001953125,67.66239929199219,0.04119168967008591
28,3.8440966606140137,0.43521827459335327,0.08567723631858826,0.42979323863983154,-0.006947812624275684,-0.4515661895275116,-0.18600216507911682,0.0,0.0,0.8654556274414062,0.08972930908203125,836.989990234375,66.22158813476562,0.0411885529756546
29,4.1173505783081055,0.4704630672931671,0.09289094060659409,0.4672078788280487,-0.0074587189592421055,-0.4874899089336395,-0.19909024238586426,0.0,0.0,0.8909912109375,0.0933074951171875,914.0900268554688,72.72025299072266,0.041176941245794296
30,4.288928985595703,0.4830705225467682,0.09564430266618729,0.47963380813598633,-0.007678937166929245,-0.5052809715270996,-0.20471787452697754,0.0,0.0,0.9043350219726562,0.09566497802734375,921.1500244140625,73.39425659179688,0.041143983602523804
31,4.237229347229004,0.48819005489349365,0.09598174691200256,0.481387197971344,-0.007765620946884155,-0.5049936771392822,-0.20703481137752533,0.0,0.0,0.9028091430664062,0.09719085693359375,930.530029296875,73.02740478515625,0.04111421853303909
32,4.223252773284912,0.47812771797180176,0.09441312402486801,0.47304269671440125,-0.007592233829200268,-0.49526840448379517,-0.20396819710731506,0.0,0.0,0.9047393798828125,0.0952606201171875,920.27001953125,72.89534759521484,0.04113321006298065
33,4.181282043457031,0.4765646159648895,0.09394161403179169,0.47325676679611206,-0.007500332780182362,-0.4916222393512726,-0.20151236653327942,0.0,0.0,0.9038619995117188,0.09613800048828125,899.47998046875,70.79655456542969,0.04110366851091385
34,4.172348976135254,0.4754830598831177,0.09377922862768173,0.46730610728263855,-0.007580137811601162,-0.4944334626197815,-0.20249193906784058,0.0,0.0,0.9018402099609375,0.0981597900390625,897.6400146484375,70.8758316040039,0.04116976633667946
35,4.163609981536865,0.47562307119369507,0.0934760794043541,0.47039270401000977,-0.007550662849098444,-0.4932733476161957,-0.20120784640312195,0.0,0.0,0.8997268676757812,0.10027313232421875,911.6099853515625,71.9713363647461,0.04110090062022209
36,4.145478248596191,0.47163963317871094,0.09285393357276917,0.46660926938056946,-0.0074756210669875145,-0.48752516508102417,-0.19962728023529053,0.0,0.0,0.8976058959960938,0.10239410400390625,904.4099731445312,71.2244644165039,0.04115649685263634
37,4.095180034637451,0.46509358286857605,0.09143278002738953,0.4598565101623535,-0.00748053565621376,-0.4860905706882477,-0.1988939344882965,0.0,0.0,0.8987350463867188,0.10126495361328125,885.5700073242188,70.02322387695312,0.04124593734741211
38,4.273873329162598,0.484224796295166,0.09559164941310883,0.47937172651290894,-0.0077149877324700356,-0.5037820339202881,-0.20581305027008057,0.0,0.0,0.8980178833007812,0.10198211669921875,924.5599975585938,73.4647216796875,0.04140598326921463
39,4.246407508850098,0.47874459624290466,0.09447142481803894,0.4751303195953369,-0.007653858512639999,-0.4984208941459656,-0.20418667793273926,0.0,0.0,0.899627685546875,0.100372314453125,915.8800048828125,73.10944366455078,0.041445840150117874
40,4.018096923828125,0.4602088928222656,0.0902649313211441,0.45269930362701416,-0.00733724981546402,-0.47760817408561707,-0.19555675983428955,0.0,0.0,0.9001998901367188,0.09980010986328125,892.6599731445312,70.54054260253906,0.04146509990096092
41,4.20552396774292,0.48153436183929443,0.09475875645875931,0.4754437804222107,-0.0077175237238407135,-0.5049283504486084,-0.20399674773216248,0.0,0.0,0.8999710083007812,0.10002899169921875,926.5499877929688,72.75431823730469,0.041451357305049896
42,4.149507999420166,0.4756908118724823,0.09385237097740173,0.4693436324596405,-0.007585685700178146,-0.4951983094215393,-0.20087550580501556,0.0,0.0,0.902496337890625,0.097503662109375,918.260009765625,72.47134399414062,0.04141654819250107
43,4.291276931762695,0.4845893979072571,0.09553641825914383,0.4805566072463989,-0.007754749618470669,-0.5068051815032959,-0.2056875079870224,0.0,0.0,0.9030380249023438,0.09696197509765625,927.989990234375,73.4037857055664,0.041444435715675354
44,4.2429986000061035,0.481411874294281,0.09504202753305435,0.4761413335800171,-0.00760820833966136,-0.49819839000701904,-0.20365041494369507,0.0,0.0,0.90216064453125,0.09783935546875,916.7000122070312,72.48836517333984,0.041477564722299576
45,4.030542373657227,0.45509830117225647,0.08928030729293823,0.44984936714172363,-0.007251426577568054,-0.47188806533813477,-0.1938123106956482,0.0,0.0,0.9010848999023438,0.09891510009765625,906.72998046875,72.43077087402344,0.041476547718048096
46,4.128830432891846,0.46919572353363037,0.09226028621196747,0.46208325028419495,-0.007510099560022354,-0.4868960976600647,-0.1994124948978424,0.0,0.0,0.9007492065429688,0.09925079345703125,875.4199829101562,69.06523895263672,0.04157962277531624
47,4.097517013549805,0.4643109440803528,0.09158539772033691,0.4608100652694702,-0.0074001215398311615,-0.48367825150489807,-0.1961730569601059,0.0,0.0,0.899993896484375,0.100006103515625,904.97998046875,71.99639892578125,0.0415351502597332
48,4.070937156677246,0.4662216901779175,0.09177017956972122,0.45934033393859863,-0.007473324425518513,-0.4854133129119873,-0.19827425479888916,0.0,0.0,0.9004287719726562,0.09957122802734375,879.1199951171875,69.2021713256836,0.04163127392530441
49,4.142523765563965,0.4708549976348877,0.09278257191181183,0.465969055891037,-0.00757347559556365,-0.49333328008651733,-0.20047804713249207,0.0,0.0,0.9001541137695312,0.09984588623046875,921.5599975585938,73.10018157958984,0.04161728918552399
50,4.318154811859131,0.48933839797973633,0.09685233980417252,0.4851519465446472,-0.0078007932752370834,-0.511776328086853,-0.20590554177761078,0.0,0.0,0.9005279541015625,0.0994720458984375,939.6599731445312,74.08316040039062,0.04173876345157623
51,4.125204086303711,0.4694978594779968,0.09259559959173203,0.46544507145881653,-0.007539639249444008,-0.49388837814331055,-0.19840197265148163,0.0,0.0,0.9002151489257812,0.09978485107421875,913.030029296875,72.52899932861328,0.04161188378930092
52,4.281044006347656,0.4836307168006897,0.0955674946308136,0.4799348711967468,-0.0076851919293403625,-0.5057429075241089,-0.20393066108226776,0.0,0.0,0.9003829956054688,0.09961700439453125,919.7899780273438,72.94428253173828,0.0415847972035408
53,4.211617469787598,0.4762943685054779,0.09356167912483215,0.4710438549518585,-0.007634888403117657,-0.4973851442337036,-0.20326563715934753,0.0,0.0,0.9002761840820312,0.09972381591796875,900.8599853515625,71.33074951171875,0.04163546860218048
54,4.060029029846191,0.465800404548645,0.09121368080377579,0.45891785621643066,-0.007468534633517265,-0.4821077585220337,-0.19859665632247925,0.0,0.0,0.8978729248046875,0.1021270751953125,893.969970703125,70.1229019165039,0.041711535304784775
55,4.093416213989258,0.46173980832099915,0.09078686684370041,0.4575733542442322,-0.007441643625497818,-0.48625755310058594,-0.19632630050182343,0.0,0.0,0.8963623046875,0.1036376953125,885.5800170898438,70.25052642822266,0.041620731353759766
56,4.228137016296387,0.4797811806201935,0.0942298173904419,0.47578108310699463,-0.007641171105206013,-0.4980155825614929,-0.20287567377090454,0.0,0.0,0.8955154418945312,0.10448455810546875,918.8499755859375,73.07678985595703,0.041583918035030365
57,4.127706527709961,0.46933257579803467,0.09248259663581848,0.4661730229854584,-0.007510645315051079,-0.4927004277706146,-0.1981198489665985,0.0,0.0,0.8955841064453125,0.1044158935546875,908.8099975585938,72.11458587646484,0.04166727885603905
58,4.173518180847168,0.47275468707084656,0.09342359751462936,0.46909385919570923,-0.007522580213844776,-0.49256277084350586,-0.19887900352478027,0.0,0.0,0.8957443237304688,0.10425567626953125,892.030029296875,71.13933563232422,0.04175568372011185
59,4.133424758911133,0.47117626667022705,0.09273912757635117,0.4662506878376007,-0.007537089288234711,-0.49044159054756165,-0.19967257976531982,0.0,0.0,0.8958358764648438,0.10416412353515625,905.4600219726562,71.4830093383789,0.041782353073358536
60,4.297464370727539,0.48394060134887695,0.09552385658025742,0.4788946509361267,-0.0077325571328401566,-0.5066434741020203,-0.20508572459220886,0.0,0.0,0.8956527709960938,0.10434722900390625,932.1300048828125,74.71025085449219,0.04186619073152542
61,4.199341773986816,0.471765398979187,0.09301326423883438,0.4679350256919861,-0.007545365486294031,-0.49503597617149353,-0.19868376851081848,0.0,0.0,0.8952713012695312,0.10472869873046875,904.9500122070312,71.93006896972656,0.041794199496507645
62,4.290980815887451,0.48658260703086853,0.09604217112064362,0.4830836355686188,-0.007670210208743811,-0.5043524503707886,-0.20558854937553406,0.0,0.0,0.8964157104492188,0.10358428955078125,925.02001953125,73.69064331054688,0.04179826006293297
63,4.192561149597168,0.4755290746688843,0.09366277605295181,0.4710206389427185,-0.007576825097203255,-0.4953095316886902,-0.2003156840801239,0.0,0.0,0.8969955444335938,0.10300445556640625,902.7999877929688,71.8101806640625,0.041703201830387115
64,4.24853515625,0.4828914999961853,0.09543192386627197,0.47869789600372314,-0.0077255768701434135,-0.5073990821838379,-0.2032347023487091,0.0,0.0,0.8976593017578125,0.1023406982421875,907.739990234375,71.44206237792969,0.041817739605903625
65,4.0103888511657715,0.4569694995880127,0.09020408987998962,0.45243972539901733,-0.007316962815821171,-0.47659915685653687,-0.19285230338573456,0.0,0.0,0.8975448608398438,0.10245513916015625,904.3800048828125,71.8261947631836,0.04186959192156792
66,4.127760410308838,0.46792489290237427,0.09225217998027802,0.4646897614002228,-0.007477395236492157,-0.4906237721443176,-0.19700127840042114,0.0,0.0,0.8971710205078125,0.1028289794921875,891.1799926757812,70.86193084716797,0.04190199077129364
67,4.220929145812988,0.47912460565567017,0.09479448199272156,0.4755588173866272,-0.007594697177410126,-0.4973997473716736,-0.20149457454681396,0.0,0.0,0.8961410522460938,0.10385894775390625,940.9199829101562,74.91454315185547,0.04198228940367699
68,4.265839576721191,0.4829024076461792,0.09540730714797974,0.4789655804634094,-0.007657408714294434,-0.5022084712982178,-0.20338667929172516,0.0,0.0,0.8982772827148438,0.10172271728515625,934.219970703125,74.43895721435547,0.04195960611104965
69,4.1765289306640625,0.4758482575416565,0.09369344264268875,0.4702048897743225,-0.007568232715129852,-0.49165406823158264,-0.2020396590232849,0.0,0.0,0.8980560302734375,0.1019439697265625,917.72998046875,72.70922088623047,0.04199428856372833
70,4.361971378326416,0.49045348167419434,0.09703607112169266,0.48676860332489014,-0.007778513710945845,-0.5107877850532532,-0.20663227140903473,0.0,0.0,0.8986129760742188,0.10138702392578125,940.0700073242188,75.46844482421875,0.041988130658864975
71,4.148521423339844,0.47362226247787476,0.09324759244918823,0.46857690811157227,-0.007539126090705395,-0.49095606803894043,-0.20066457986831665,0.0,0.0,0.8998641967773438,0.10013580322265625,901.6099853515625,71.48565673828125,0.042040325701236725
72,4.327552795410156,0.4870244860649109,0.09643247723579407,0.4823395013809204,-0.007707193493843079,-0.5065901279449463,-0.2047766149044037,0.0,0.0,0.9004058837890625,0.0995941162109375,939.9600219726562,74.95550537109375,0.04200832545757294
73,4.159708023071289,0.4727012515068054,0.092978835105896,0.4671017527580261,-0.00749465636909008,-0.4877382516860962,-0.1996959000825882,0.0,0.0,0.9002227783203125,0.0997772216796875,889.8499755859375,70.23430633544922,0.04196375235915184
74,4.337141036987305,0.48567718267440796,0.09613682329654694,0.4825126528739929,-0.007656728848814964,-0.5040552616119385,-0.20434287190437317,0.0,0.0,0.89886474609375,0.10113525390625,936.0700073242188,75.07193756103516,0.041969962418079376
75,4.220209121704102,0.47932320833206177,0.09458129107952118,0.4746788740158081,-0.0075712380930781364,-0.496299147605896,-0.2014472335577011,0.0,0.0,0.8999252319335938,0.10007476806640625,921.719970703125,73.47177124023438,0.041953809559345245
76,4.228117942810059,0.48137909173965454,0.0951334536075592,0.47784969210624695,-0.007672198582440615,-0.5040229558944702,-0.20230253040790558,0.0,0.0,0.9011154174804688,0.09888458251953125,947.8300170898438,75.35252380371094,0.04198801517486572
77,4.151256561279297,0.4726155996322632,0.09315861761569977,0.468783438205719,-0.007408961653709412,-0.4835737347602844,-0.19939061999320984,0.0,0.0,0.9039077758789062,0.09609222412109375,900.760009765625,71.67598724365234,0.04213900864124298
78,4.076274394989014,0.46460026502609253,0.09129953384399414,0.45786771178245544,-0.007307497784495354,-0.47417062520980835,-0.19661125540733337,0.0,0.0,0.903228759765625,0.096771240234375,903.4500122070312,72.22004699707031,0.04226800799369812
79,4.277975559234619,0.48288461565971375,0.09561686217784882,0.4793397784233093,-0.007721914444118738,-0.5059231519699097,-0.20417766273021698,0.0,0.0,0.9044265747070312,0.09557342529296875,932.010009765625,74.08301544189453,0.04224145784974098
80,4.1578216552734375,0.47426602244377136,0.09305857121944427,0.46757709980010986,-0.007544347550719976,-0.4907247722148895,-0.2011955976486206,0.0,0.0,0.9040069580078125,0.0959930419921875,905.8200073242188,71.85299682617188,0.042385637760162354
81,4.222631454467773,0.4799010753631592,0.09463496506214142,0.4759507179260254,-0.007596447132527828,-0.4963892102241516,-0.20187965035438538,0.0,0.0,0.9028778076171875,0.0971221923828125,933.6500244140625,74.68489074707031,0.04236731678247452
82,3.897280216217041,0.4472421407699585,0.0877051055431366,0.44075918197631836,-0.00713019073009491,-0.4624820351600647,-0.18910355865955353,0.0,0.0,0.9008865356445312,0.09911346435546875,884.510009765625,69.84767150878906,0.04244707152247429
83,4.251477241516113,0.48083871603012085,0.0943780317902565,0.4733237624168396,-0.007709785830229521,-0.5004376173019409,-0.20408254861831665,0.0,0.0,0.89990234375,0.10009765625,921.8900146484375,73.50569915771484,0.04242310672998428
84,4.178350448608398,0.47221070528030396,0.09270890057086945,0.46569639444351196,-0.007503968197852373,-0.4872853755950928,-0.19977442920207977,0.0,0.0,0.9003143310546875,0.0996856689453125,892.2100219726562,70.76060485839844,0.04256592318415642
85,4.204356670379639,0.4785866141319275,0.0939125344157219,0.4664875268936157,-0.007731975056231022,-0.49991390109062195,-0.20474469661712646,0.0,0.0,0.9009552001953125,0.0990447998046875,914.5999755859375,71.49735260009766,0.04261714220046997
86,4.216893196105957,0.47458338737487793,0.09365306049585342,0.4711519479751587,-0.007492619100958109,-0.4889959692955017,-0.19957466423511505,0.0,0.0,0.9006118774414062,0.09938812255859375,927.52001953125,74.15848541259766,0.04271518439054489
87,4.238590717315674,0.4805050492286682,0.0951799750328064,0.4756883382797241,-0.007647891063243151,-0.5018301010131836,-0.20187026262283325,0.0,0.0,0.9012298583984375,0.0987701416015625,928.6699829101562,74.47362518310547,0.042840443551540375
88,4.0454792976379395,0.4589218497276306,0.09038400650024414,0.45352375507354736,-0.007324924226850271,-0.47665685415267944,-0.19420379400253296,0.0,0.0,0.9014358520507812,0.09856414794921875,905.1799926757812,71.87667083740234,0.04287196323275566
89,4.281466960906982,0.4814158082008362,0.09538480639457703,0.47830450534820557,-0.007682532072067261,-0.504082441329956,-0.20312541723251343,0.0,0.0,0.9016876220703125,0.0983123779296875,910.469970703125,72.62471771240234,0.04283898323774338
90,4.287774085998535,0.4862045645713806,0.09599184989929199,0.4827866554260254,-0.007653607055544853,-0.5025991797447205,-0.20383688807487488,0.0,0.0,0.9026870727539062,0.09731292724609375,930.25,73.56975555419922,0.042839016765356064
91,4.280941009521484,0.48289036750793457,0.09530885517597198,0.47942978143692017,-0.007658116985112429,-0.5015960931777954,-0.2033105343580246,0.0,0.0,0.9026718139648438,0.09732818603515625,911.6699829101562,72.5323486328125,0.042785100638866425
92,4.279064178466797,0.48356643319129944,0.0956486389040947,0.47978729009628296,-0.007686643861234188,-0.5045486688613892,-0.20379185676574707,0.0,0.0,0.902252197265625,0.097747802734375,913.1400146484375,72.25978088378906,0.042735666036605835
93,4.200770378112793,0.4787912964820862,0.09401925653219223,0.4704779386520386,-0.007750977762043476,-0.5017428398132324,-0.20348457992076874,0.0,0.0,0.9018173217773438,0.09818267822265625,916.2999877929688,72.1028060913086,0.04272932559251785
94,4.294151782989502,0.4866265654563904,0.09599825739860535,0.4825407862663269,-0.007794968783855438,-0.5098720788955688,-0.20463144779205322,0.0,0.0,0.9024200439453125,0.0975799560546875,925.760009765625,73.3997573852539,0.042787425220012665
95,4.132789611816406,0.4741867482662201,0.09313066303730011,0.4666980803012848,-0.0075572580099105835,-0.49180907011032104,-0.2006150484085083,0.0,0.0,0.9040756225585938,0.09592437744140625,907.030029296875,71.4987564086914,0.04284902289509773
96,4.234373569488525,0.47594064474105835,0.09383058547973633,0.4715053141117096,-0.007666238117963076,-0.5012432336807251,-0.20087581872940063,0.0,0.0,0.9045181274414062,0.09548187255859375,920.3099975585938,73.4147720336914,0.042878054082393646
97,4.12860107421875,0.46810704469680786,0.09208858013153076,0.46348297595977783,-0.00752708874642849,-0.48892292380332947,-0.1984359323978424,0.0,0.0,0.9057159423828125,0.0942840576171875,919.510009765625,73.06404876708984,0.0429396778345108
98,4.184977054595947,0.47736218571662903,0.09410494565963745,0.4707484841346741,-0.007647931110113859,-0.49815452098846436,-0.20177572965621948,0.0,0.0,0.9044723510742188,0.09552764892578125,918.0999755859375,72.52587127685547,0.0429546982049942
99,4.1656270027160645,0.47135794162750244,0.09253067523241043,0.46534818410873413,-0.0075560687109827995,-0.48990365862846375,-0.20070090889930725,0.0,0.0,0.9041748046875,0.0958251953125,893.6400146484375,70.4195556640625,0.042971864342689514
100,4.2067670822143555,0.4739322066307068,0.09326180815696716,0.46891406178474426,-0.007597674615681171,-0.49858182668685913,-0.19963598251342773,0.0,0.0,0.9027786254882812,0.09722137451171875,906.3800048828125,71.94044494628906,0.04307175800204277
101,4.015142917633057,0.4556419551372528,0.08967164158821106,0.45009320974349976,-0.007351686246693134,-0.478441059589386,-0.1928275227546692,0.0,0.0,0.9011306762695312,0.09886932373046875,873.0999755859375,68.94556427001953,0.043134093284606934
102,4.113630294799805,0.46382302045822144,0.0913582593202591,0.4598236680030823,-0.0074818809516727924,-0.48902443051338196,-0.1962699592113495,0.0,0.0,0.8986434936523438,0.10135650634765625,886.6400146484375,71.05943298339844,0.043246135115623474
103,4.068702697753906,0.46458783745765686,0.09116978943347931,0.45782041549682617,-0.007475411519408226,-0.48436689376831055,-0.1970071792602539,0.0,0.0,0.8977737426757812,0.10222625732421875,874.8300170898438,68.7736587524414,0.04326079785823822
104,4.311131477355957,0.4841165542602539,0.09563525766134262,0.4792441725730896,-0.007733556441962719,-0.5063809156417847,-0.20368237793445587,0.0,0.0,0.89788818359375,0.10211181640625,933.8300170898438,74.83258819580078,0.04323919117450714
105,4.168911933898926,0.47314774990081787,0.09293274581432343,0.4674689471721649,-0.007689011283218861,-0.5008230805397034,-0.20015686750411987,0.0,0.0,0.8979263305664062,0.10207366943359375,897.489990234375,71.25042724609375,0.043183520436286926
106,4.114757061004639,0.4657694101333618,0.09171932190656662,0.46180662512779236,-0.007574844639748335,-0.4966687560081482,-0.1963685154914856,0.0,0.0,0.896514892578125,0.103485107421875,898.3800048828125,71.4338607788086,0.04328972101211548
107,4.253343105316162,0.4846108555793762,0.09571641683578491,0.4804060161113739,-0.007750124670565128,-0.5085400342941284,-0.20347866415977478,0.0,0.0,0.8964614868164062,0.10353851318359375,909.5900268554688,72.08815002441406,0.04321277141571045
108,4.1418681144714355,0.46867790818214417,0.09213341027498245,0.4618576765060425,-0.007569918874651194,-0.4953851103782654,-0.1980823576450348,0.0,0.0,0.8969650268554688,0.10303497314453125,888.989990234375,70.32695770263672,0.043179191648960114
109,4.205811977386475,0.47397470474243164,0.09354260563850403,0.4705505967140198,-0.007671719416975975,-0.503483235836029,-0.20054027438163757,0.0,0.0,0.896514892578125,0.103485107421875,912.3800048828125,72.60041809082031,0.04318062961101532
110,4.077045440673828,0.4618116021156311,0.09082558006048203,0.4577760398387909,-0.007409572135657072,-0.4841589331626892,-0.19463880360126495,0.0,0.0,0.8964920043945312,0.10350799560546875,903.969970703125,72.35411071777344,0.04315726459026337
111,4.07472038269043,0.4586803615093231,0.09038907289505005,0.45307692885398865,-0.007519300561398268,-0.4895954728126526,-0.1947411596775055,0.0,0.0,0.8977432250976562,0.10225677490234375,874.25,69.96952056884766,0.04321988672018051
112,4.266794204711914,0.48200565576553345,0.0948522686958313,0.47568899393081665,-0.007859548553824425,-0.5131636261940002,-0.2035885751247406,0.0,0.0,0.8979644775390625,0.1020355224609375,917.6500244140625,72.8504638671875,0.04326307028532028
113,3.989985942840576,0.4516918361186981,0.08880997449159622,0.4461894631385803,-0.007321440614759922,-0.47950220108032227,-0.19067580997943878,0.0,0.0,0.8967361450195312,0.10326385498046875,891.72998046875,71.17922973632812,0.04335463419556618
114,4.252100944519043,0.48056861758232117,0.09471624344587326,0.46918708086013794,-0.007756858132779598,-0.5039099454879761,-0.2047249972820282,0.0,0.0,0.8960952758789062,0.10390472412109375,914.9600219726562,72.1310806274414,0.043418947607278824
115,4.130324363708496,0.46463990211486816,0.0916873961687088,0.45881372690200806,-0.007546484936028719,-0.491854190826416,-0.19687679409980774,0.0,0.0,0.8954925537109375,0.1045074462890625,884.02001953125,70.29963684082031,0.04338629171252251
116,4.310778617858887,0.47841164469718933,0.09467321634292603,0.4754756987094879,-0.007732138503342867,-0.5086990594863892,-0.20165960490703583,0.0,0.0,0.8947219848632812,0.10527801513671875,924.8099975585938,74.25846862792969,0.04339078068733215
117,4.093331813812256,0.4635639190673828,0.0910770446062088,0.4562528729438782,-0.007533152122050524,-0.4861873984336853,-0.19743897020816803,0.0,0.0,0.8939056396484375,0.1060943603515625,893.4299926757812,70.85487365722656,0.04337763786315918
118,4.13726806640625,0.4712459444999695,0.09234069287776947,0.4659980237483978,-0.007595404516905546,-0.4962134063243866,-0.19869780540466309,0.0,0.0,0.89422607421875,0.10577392578125,914.6300048828125,71.88114166259766,0.0433107390999794
119,4.066134452819824,0.45953553915023804,0.0903562381863594,0.45469170808792114,-0.007469343952834606,-0.48687735199928284,-0.19454440474510193,0.0,0.0,0.893157958984375,0.106842041015625,913.4099731445312,72.77215576171875,0.043297432363033295
120,4.064554691314697,0.45552071928977966,0.08958418667316437,0.4501972198486328,-0.007425805553793907,-0.48454928398132324,-0.19286620616912842,0.0,0.0,0.891998291015625,0.108001708984375,887.6799926757812,70.73811340332031,0.04323051869869232
121,3.9470813274383545,0.44795769453048706,0.08785126358270645,0.4421858787536621,-0.007267425302416086,-0.47328874468803406,-0.1892426609992981,0.0,0.0,0.889678955078125,0.110321044921875,876.0900268554688,68.57675170898438,0.04330083355307579
122,4.258748531341553,0.4766838550567627,0.09375187754631042,0.4719228744506836,-0.007712860591709614,-0.5079646110534668,-0.20048250257968903,0.0,0.0,0.8886184692382812,0.11138153076171875,920.6799926757812,73.4098892211914,0.04340605437755585
123,4.311744213104248,0.48805665969848633,0.09622033685445786,0.4833626449108124,-0.007896927185356617,-0.5215547680854797,-0.20446205139160156,0.0,0.0,0.8889389038085938,0.11106109619140625,915.0599975585938,72.89912414550781,0.04343056306242943
124,4.160425186157227,0.47037553787231445,0.09253954142332077,0.4648808240890503,-0.007649701554328203,-0.5018634796142578,-0.19792523980140686,0.0,0.0,0.8877944946289062,0.11220550537109375,878.760009765625,69.70581817626953,0.04342355579137802
125,4.244117259979248,0.47731539607048035,0.09400981664657593,0.4720509648323059,-0.007810167968273163,-0.5154252052307129,-0.20078358054161072,0.0,0.0,0.8854522705078125,0.1145477294921875,927.0999755859375,73.8697280883789,0.04338672012090683
126,4.2232160568237305,0.4767070412635803,0.09397335350513458,0.47145769000053406,-0.007679411675781012,-0.5044950246810913,-0.2002989947795868,0.0,0.0,0.8859176635742188,0.11408233642578125,934.4199829101562,74.29021453857422,0.043363191187381744
127,4.247304439544678,0.4757150411605835,0.09387680143117905,0.4724670648574829,-0.007727234624326229,-0.5103714466094971,-0.1997579038143158,0.0,0.0,0.886627197265625,0.113372802734375,901.5399780273438,72.20357513427734,0.043470896780490875
128,4.340213775634766,0.48777908086776733,0.09621022641658783,0.4820989966392517,-0.007866383530199528,-0.5163378119468689,-0.20539015531539917,0.0,0.0,0.8876876831054688,0.11231231689453125,937.760009765625,74.74988555908203,0.04340006411075592
129,4.2935004234313965,0.4826894998550415,0.09494706988334656,0.47876548767089844,-0.0077727437019348145,-0.510363757610321,-0.20368680357933044,0.0,0.0,0.8877716064453125,0.1122283935546875,929.780029296875,74.23004150390625,0.043401412665843964
130,4.363127708435059,0.48780331015586853,0.09642115235328674,0.482943594455719,-0.007981372997164726,-0.5258179903030396,-0.20501571893692017,0.0,0.0,0.8885421752929688,0.11145782470703125,924.5999755859375,74.04094696044922,0.043311700224876404
131,4.309121131896973,0.48357093334198,0.09517841041088104,0.47780925035476685,-0.007862109690904617,-0.5128777623176575,-0.20452851057052612,0.0,0.0,0.8903427124023438,0.10965728759765625,936.77001953125,74.68889617919922,0.04341994971036911
132,4.267862319946289,0.48029008507728577,0.09497261047363281,0.4757015109062195,-0.007855864241719246,-0.5202942490577698,-0.20118044316768646,0.0,0.0,0.8943252563476562,0.10567474365234375,916.030029296875,73.23435974121094,0.04357600957155228
133,4.296514511108398,0.48165762424468994,0.0951962023973465,0.4785555303096771,-0.0077337296679615974,-0.5114240646362305,-0.20105722546577454,0.0,0.0,0.896148681640625,0.103851318359375,910.0900268554688,72.94586181640625,0.04357096552848816
134,4.286198616027832,0.47751906514167786,0.09421795606613159,0.4729025363922119,-0.007678347174078226,-0.506761908531189,-0.1999635249376297,0.0,0.0,0.8965530395507812,0.10344696044921875,916.4099731445312,73.8409423828125,0.043576180934906006
135,4.302387237548828,0.48253029584884644,0.09523364901542664,0.4769452214241028,-0.00774039514362812,-0.5078670382499695,-0.20253244042396545,0.0,0.0,0.8953704833984375,0.1046295166015625,923.469970703125,73.998779296875,0.04361732676625252
136,4.104615211486816,0.46234560012817383,0.09102628380060196,0.4565155804157257,-0.007495676167309284,-0.49126291275024414,-0.1949319690465927,0.0,0.0,0.8968353271484375,0.1031646728515625,897.3200073242188,71.5121078491211,0.04375326633453369
137,4.060060024261475,0.4584273397922516,0.08998055011034012,0.4522309899330139,-0.007475393824279308,-0.4861809313297272,-0.1937597244977951,0.0,0.0,0.895477294921875,0.104522705078125,898.9600219726562,71.43296813964844,0.043679408729076385
138,4.140054702758789,0.4652014970779419,0.09171998500823975,0.46032214164733887,-0.007521565537899733,-0.494606614112854,-0.19470933079719543,0.0,0.0,0.8941268920898438,0.10587310791015625,904.8200073242188,72.12480926513672,0.04378952458500862
139,4.318678855895996,0.48596587777137756,0.0960136130452156,0.48258844017982483,-0.007842926308512688,-0.5150574445724487,-0.20405685901641846,0.0,0.0,0.8949737548828125,0.1050262451171875,930.4299926757812,73.89443969726562,0.04386399686336517
140,4.295245170593262,0.4847337007522583,0.0955142080783844,0.4780692756175995,-0.007773248478770256,-0.5071775913238525,-0.2036011815071106,0.0,0.0,0.8950576782226562,0.10494232177734375,922.3300170898438,73.16825103759766,0.04375559836626053
141,4.321249961853027,0.48502278327941895,0.09597450494766235,0.4813627004623413,-0.007904664613306522,-0.5208399295806885,-0.20392484962940216,0.0,0.0,0.8952484130859375,0.1047515869140625,933.0399780273438,74.92443084716797,0.04379430413246155
142,4.207104682922363,0.47231513261795044,0.09351912140846252,0.4689651131629944,-0.007620420306921005,-0.5031806230545044,-0.1967255175113678,0.0,0.0,0.8963851928710938,0.10361480712890625,931.780029296875,74.47369384765625,0.043897297233343124
143,4.134242057800293,0.46918144822120667,0.09217262268066406,0.4623904824256897,-0.007583661936223507,-0.4935132563114166,-0.19667880237102509,0.0,0.0,0.897064208984375,0.102935791015625,904.1900024414062,71.52335357666016,0.04388649761676788
144,4.254932880401611,0.47749027609825134,0.09408794343471527,0.47297847270965576,-0.007675628177821636,-0.504040002822876,-0.20050743222236633,0.0,0.0,0.8967514038085938,0.10324859619140625,916.2999877929688,73.32275390625,0.04398815333843231
145,4.190515518188477,0.4683709144592285,0.09253686666488647,0.46455350518226624,-0.007622199133038521,-0.5003052949905396,-0.19779197871685028,0.0,0.0,0.896636962890625,0.103363037109375,899.97998046875,72.18521118164062,0.04412371292710304
146,4.2077226638793945,0.47366297245025635,0.09346725791692734,0.47062399983406067,-0.007585721090435982,-0.501943826675415,-0.1976846158504486,0.0,0.0,0.8973541259765625,0.1026458740234375,915.1799926757812,72.40594482421875,0.0441574901342392
147,4.305053234100342,0.4831911325454712,0.09562790393829346,0.4791645407676697,-0.007720648311078548,-0.5073937773704529,-0.20260123908519745,0.0,0.0,0.89892578125,0.10107421875,912.3099975585938,72.97766876220703,0.044123612344264984
148,4.213200092315674,0.4737356901168823,0.09329089522361755,0.4688733220100403,-0.007620443589985371,-0.49770742654800415,-0.19971412420272827,0.0,0.0,0.9002761840820312,0.09972381591796875,920.7899780273438,73.90446472167969,0.04419388249516487
149,4.168142318725586,0.4680941700935364,0.0924023762345314,0.4627895653247833,-0.007535375189036131,-0.49589571356773376,-0.19571974873542786,0.0,0.0,0.9023818969726562,0.09761810302734375,914.3599853515625,72.93096160888672,0.04420214891433716
150,4.116943359375,0.46673470735549927,0.09135843813419342,0.46118658781051636,-0.007560063619166613,-0.4916568398475647,-0.19745244085788727,0.0,0.0,0.9027862548828125,0.0972137451171875,897.4099731445312,70.84427642822266,0.04416042938828468
151,4.139049053192139,0.4697808623313904,0.09310081601142883,0.4663597047328949,-0.007582870312035084,-0.5025648474693298,-0.19645217061042786,0.0,0.0,0.90557861328125,0.09442138671875,912.9099731445312,71.99083709716797,0.04429331794381142
152,4.255580425262451,0.47928452491760254,0.09469903260469437,0.4766649007797241,-0.007674255408346653,-0.5046559572219849,-0.2013770043849945,0.0,0.0,0.9070053100585938,0.09299468994140625,928.9400024414062,74.08893585205078,0.0443650484085083
153,4.135602951049805,0.4656616151332855,0.09185094386339188,0.45965173840522766,-0.007537062279880047,-0.4918307662010193,-0.19616426527500153,0.0,0.0,0.90704345703125,0.09295654296875,891.9299926757812,71.4285888671875,0.04428534582257271
154,4.14989709854126,0.4715536832809448,0.0930049866437912,0.46650058031082153,-0.0076330797746777534,-0.49743276834487915,-0.1981469988822937,0.0,0.0,0.90606689453125,0.09393310546875,904.3099975585938,71.1855697631836,0.04431375116109848
155,4.020658016204834,0.4581996202468872,0.08992451429367065,0.4515702426433563,-0.007372862659394741,-0.47991234064102173,-0.19370664656162262,0.0,0.0,0.906036376953125,0.093963623046875,854.0499877929688,67.39533233642578,0.04421462491154671
156,4.182992935180664,0.47463878989219666,0.09377961605787277,0.4695129990577698,-0.007603582460433245,-0.49640417098999023,-0.19966764748096466,0.0,0.0,0.9051742553710938,0.09482574462890625,908.969970703125,72.26888275146484,0.04424310475587845
157,4.095888137817383,0.4617800712585449,0.0910862386226654,0.45837754011154175,-0.00738362455740571,-0.48531222343444824,-0.19322511553764343,0.0,0.0,0.90423583984375,0.09576416015625,918.489990234375,73.45186614990234,0.04420523717999458
158,4.308921813964844,0.4853326082229614,0.09610846638679504,0.48128604888916016,-0.007833843119442463,-0.5142265558242798,-0.20351949334144592,0.0,0.0,0.9046249389648438,0.09537506103515625,925.8200073242188,73.59349060058594,0.04428742080926895
159,4.2131195068359375,0.47348445653915405,0.09363056719303131,0.46822458505630493,-0.00760088674724102,-0.49876469373703003,-0.19845698773860931,0.0,0.0,0.9039840698242188,0.09601593017578125,890.5700073242188,70.8202133178711,0.04431825503706932
160,4.071585655212402,0.46217799186706543,0.09119147807359695,0.45794010162353516,-0.007419704459607601,-0.4860924482345581,-0.19347262382507324,0.0,0.0,0.9036026000976562,0.09639739990234375,901.760009765625,71.59767150878906,0.04433680698275566
161,4.139108180999756,0.46991920471191406,0.0923674926161766,0.4617130756378174,-0.007591285742819309,-0.4940836429595947,-0.1994495391845703,0.0,0.0,0.9017562866210938,0.09824371337890625,902.4099731445312,71.62802124023438,0.04432416707277298
162,4.157455921173096,0.468505322933197,0.09244643151760101,0.46391385793685913,-0.007547768764197826,-0.4938354194164276,-0.19655537605285645,0.0,0.0,0.9001235961914062,0.09987640380859375,887.239990234375,70.49398803710938,0.044329576194286346
163,4.232267379760742,0.47395026683807373,0.09381294995546341,0.47068774700164795,-0.00759632233530283,-0.4960532784461975,-0.19927282631397247,0.0,0.0,0.8989944458007812,0.10100555419921875,902.3900146484375,72.0166015625,0.044373996555805206
164,4.2765703201293945,0.4783228039741516,0.09447066485881805,0.47407010197639465,-0.007591161876916885,-0.4976334273815155,-0.2006867527961731,0.0,0.0,0.8987884521484375,0.1012115478515625,905.0399780273438,72.568359375,0.04433150589466095
165,4.042837619781494,0.4593213200569153,0.09071086347103119,0.455169677734375,-0.007363931741565466,-0.4799773395061493,-0.19268859922885895,0.0,0.0,0.8982467651367188,0.10175323486328125,886.1199951171875,70.71045684814453,0.044348374009132385
166,4.214468955993652,0.4756809175014496,0.09408274292945862,0.4728683531284332,-0.007604470942169428,-0.4992295503616333,-0.19881607592105865,0.0,0.0,0.898162841796875,0.101837158203125,913.8499755859375,72.74871063232422,0.044456131756305695
167,4.298470973968506,0.4850165843963623,0.09566554427146912,0.48107776045799255,-0.007769956719130278,-0.5091546773910522,-0.20339131355285645,0.0,0.0,0.900390625,0.099609375,932.7999877929688,74.26956176757812,0.04452849179506302
168,4.34992790222168,0.487043559551239,0.0964399129152298,0.4841158986091614,-0.007728853728622198,-0.5083641409873962,-0.20371565222740173,0.0,0.0,0.9026336669921875,0.0973663330078125,933.4600219726562,75.2947769165039,0.04453510791063309
169,3.9975621700286865,0.4518190026283264,0.08872883766889572,0.4447614550590515,-0.007301324978470802,-0.47193655371665955,-0.19106939435005188,0.0,0.0,0.9025344848632812,0.09746551513671875,873.239990234375,69.45626068115234,0.044505394995212555
170,4.086516380310059,0.4623207449913025,0.09073972702026367,0.45566773414611816,-0.007441919296979904,-0.48314782977104187,-0.19508175551891327,0.0,0.0,0.8995742797851562,0.10042572021484375,889.3300170898438,70.75715637207031,0.04445313662290573
171,4.034115791320801,0.4575987160205841,0.08973010629415512,0.45212775468826294,-0.007364089600741863,-0.4774402976036072,-0.19280686974525452,0.0,0.0,0.8984756469726562,0.10152435302734375,897.72998046875,71.38485717773438,0.04453784227371216
172,4.285740852355957,0.4819834232330322,0.0953076034784317,0.4786205291748047,-0.0077404966577887535,-0.5079914927482605,-0.2019355297088623,0.0,0.0,0.8984146118164062,0.10158538818359375,928.1400146484375,74.22637939453125,0.04448516294360161
173,4.160106182098389,0.4676504135131836,0.0921654999256134,0.4601361155509949,-0.007531655021011829,-0.4882369339466095,-0.19655326008796692,0.0,0.0,0.8990249633789062,0.10097503662109375,906.260009765625,72.56036376953125,0.04445238411426544
174,4.250152587890625,0.47574731707572937,0.09388579428195953,0.4716910421848297,-0.0076881758868694305,-0.5039098858833313,-0.19994419813156128,0.0,0.0,0.8993377685546875,0.1006622314453125,911.1300048828125,72.98697662353516,0.044568952172994614
175,4.260321617126465,0.47791698575019836,0.09418102353811264,0.4727934002876282,-0.0077134836465120316,-0.503546416759491,-0.20040450990200043,0.0,0.0,0.8988800048828125,0.1011199951171875,908.6199951171875,72.6135025024414,0.04452807083725929
176,4.279709815979004,0.4805348515510559,0.09465229511260986,0.4744218587875366,-0.00773718673735857,-0.5042755603790283,-0.2024923712015152,0.0,0.0,0.8980789184570312,0.10192108154296875,923.6400146484375,73.48074340820312,0.04456246644258499
177,4.2656965255737305,0.47763949632644653,0.09442442655563354,0.4743192791938782,-0.007730632089078426,-0.5066745281219482,-0.1993320733308792,0.0,0.0,0.8976593017578125,0.1023406982421875,930.3200073242188,74.54600524902344,0.04447558522224426
178,4.369610786437988,0.489343523979187,0.09677790105342865,0.4852645695209503,-0.007863203063607216,-0.5144096612930298,-0.2044437825679779,0.0,0.0,0.898406982421875,0.101593017578125,936.5599975585938,75.44954681396484,0.044439107179641724
179,4.196390151977539,0.4705008268356323,0.09293316304683685,0.4673495888710022,-0.007604757323861122,-0.5002017021179199,-0.1970735490322113,0.0,0.0,0.899383544921875,0.100616455078125,896.6199951171875,71.780517578125,0.044520214200019836
180,4.239258289337158,0.4755239486694336,0.09407991170883179,0.47269579768180847,-0.007641490548849106,-0.5023198127746582,-0.19843938946723938,0.0,0.0,0.899627685546875,0.100372314453125,927.4199829101562,74.38915252685547,0.0445098802447319
181,4.204916000366211,0.4761107265949249,0.0939996987581253,0.4707772135734558,-0.007674061227589846,-0.5032619833946228,-0.19890758395195007,0.0,0.0,0.900299072265625,0.099700927734375,919.9400024414062,72.74407196044922,0.04457130283117294
182,4.176061630249023,0.4699220359325409,0.09268082678318024,0.46550750732421875,-0.0074801966547966,-0.49090659618377686,-0.19634157419204712,0.0,0.0,0.9000473022460938,0.09995269775390625,909.6500244140625,73.02406311035156,0.044601280242204666
183,4.319179534912109,0.48379117250442505,0.09567243605852127,0.4796925187110901,-0.007750092074275017,-0.5072441101074219,-0.20284584164619446,0.0,0.0,0.8999557495117188,0.10004425048828125,930.239990234375,74.13851165771484,0.044652365148067474
184,4.189781665802002,0.4751240909099579,0.09374073892831802,0.4709699749946594,-0.007609283551573753,-0.5007753372192383,-0.1979917585849762,0.0,0.0,0.9010467529296875,0.0989532470703125,932.8099975585938,74.55371856689453,0.04467272013425827
185,4.191516399383545,0.47996002435684204,0.09454165399074554,0.474717378616333,-0.007662380114197731,-0.5015442967414856,-0.19960041344165802,0.0,0.0,0.9034042358398438,0.09659576416015625,908.1799926757812,71.6014633178711,0.044778935611248016
186,4.1765241622924805,0.46639949083328247,0.09202525019645691,0.4631704092025757,-0.007487485185265541,-0.49123626947402954,-0.1955966353416443,0.0,0.0,0.9042434692382812,0.09575653076171875,894.6599731445312,71.8967056274414,0.04477507621049881
187,4.2211198806762695,0.4729607403278351,0.09340548515319824,0.4695994257926941,-0.0075850337743759155,-0.49825921654701233,-0.19783219695091248,0.0,0.0,0.9039230346679688,0.09607696533203125,905.989990234375,72.86842346191406,0.04480571299791336
188,4.272865295410156,0.4839380383491516,0.09548258781433105,0.4773772954940796,-0.0077663687989115715,-0.5075000524520874,-0.20295673608779907,0.0,0.0,0.9030380249023438,0.09696197509765625,918.780029296875,73.225341796875,0.044753555208444595
189,4.167019844055176,0.46953660249710083,0.09237989038228989,0.464874804019928,-0.0075489673763513565,-0.4919242858886719,-0.19685091078281403,0.0,0.0,0.903411865234375,0.096588134765625,907.2000122070312,72.25236511230469,0.044783882796764374
190,4.31485652923584,0.48361504077911377,0.09545214474201202,0.48033538460731506,-0.00782017782330513,-0.5151431560516357,-0.2012789398431778,0.0,0.0,0.9034271240234375,0.0965728759765625,923.9099731445312,74.06173706054688,0.0448724702000618
191,4.3305816650390625,0.4859604835510254,0.09596168994903564,0.48092466592788696,-0.007756196893751621,-0.5060449838638306,-0.2037671059370041,0.0,0.0,0.9048385620117188,0.09516143798828125,934.7000122070312,74.8702163696289,0.04489406570792198
192,4.2745890617370605,0.47769391536712646,0.09471429884433746,0.4744732677936554,-0.007627376355230808,-0.5019627809524536,-0.19845739006996155,0.0,0.0,0.90509033203125,0.09490966796875,911.3699951171875,72.93287658691406,0.04491390287876129
193,4.181676864624023,0.4741472601890564,0.09301227331161499,0.4665825664997101,-0.007591275032609701,-0.4934989809989929,-0.1994108408689499,0.0,0.0,0.9044876098632812,0.09551239013671875,921.02001953125,73.30513000488281,0.04486943781375885
194,4.307680130004883,0.48399582505226135,0.09584128856658936,0.4791805148124695,-0.007743245922029018,-0.5073078870773315,-0.2021622657775879,0.0,0.0,0.9052734375,0.0947265625,930.8400268554688,74.40097045898438,0.04488697648048401
195,4.2534499168396,0.4814956486225128,0.09513463079929352,0.4771185517311096,-0.007710290607064962,-0.5078258514404297,-0.20059296488761902,0.0,0.0,0.9076156616210938,0.09238433837890625,921.8400268554688,73.52645111083984,0.044980935752391815
196,4.294023513793945,0.4824223816394806,0.09494610130786896,0.4780852198600769,-0.0077080619521439075,-0.5027132034301758,-0.20285245776176453,0.0,0.0,0.9079742431640625,0.0920257568359375,943.0800170898438,76.0456771850586,0.04498607665300369
197,4.240036964416504,0.4803897738456726,0.09509100019931793,0.4727415442466736,-0.007743264548480511,-0.5036742091178894,-0.20127160847187042,0.0,0.0,0.9088592529296875,0.0911407470703125,923.7899780273438,73.6267318725586,0.044902101159095764
198,4.217634201049805,0.47254109382629395,0.09329378604888916,0.46826547384262085,-0.007554319687187672,-0.4982079565525055,-0.19613181054592133,0.0,0.0,0.9082260131835938,0.09177398681640625,910.72998046875,72.86029815673828,0.04489634186029434
199,4.20527982711792,0.4761897921562195,0.0939965695142746,0.47075021266937256,-0.007674113847315311,-0.5014708042144775,-0.19870580732822418,0.0,0.0,0.907623291015625,0.092376708984375,926.72998046875,73.52053833007812,0.044884536415338516
200,4.306262016296387,0.482443630695343,0.09540733695030212,0.4784799814224243,-0.007736310362815857,-0.5070174932479858,-0.2019559144973755,0.0,0.0,0.9097976684570312,0.09020233154296875,924.6900024414062,74.45353698730469,0.044878117740154266
201,4.284426689147949,0.48259156942367554,0.09548927843570709,0.4793187379837036,-0.007702055852860212,-0.5042317509651184,-0.20062580704689026,0.0,0.0,0.910919189453125,0.089080810546875,908.3800048828125,72.21472930908203,0.044935278594493866
202,4.230739116668701,0.47875893115997314,0.09404361248016357,0.47350719571113586,-0.007642420940101147,-0.49733108282089233,-0.20018920302391052,0.0,0.0,0.9110641479492188,0.08893585205078125,932.4400024414062,74.2740478515625,0.044884707778692245
203,4.324685096740723,0.4806159734725952,0.09511774778366089,0.47698721289634705,-0.007652060128748417,-0.5005090832710266,-0.20156371593475342,0.0,0.0,0.91058349609375,0.08941650390625,909.5999755859375,72.52809143066406,0.04494764655828476
204,4.275172233581543,0.4790731370449066,0.09475976228713989,0.4743906855583191,-0.007672381121665239,-0.5028522610664368,-0.20092524588108063,0.0,0.0,0.910614013671875,0.089385986328125,913.5999755859375,73.21072387695312,0.04488937556743622
205,4.21705436706543,0.4750893712043762,0.09383298456668854,0.47053685784339905,-0.007609253749251366,-0.49666792154312134,-0.19852712750434875,0.0,0.0,0.9117889404296875,0.0882110595703125,909.4299926757812,72.68351745605469,0.0448521226644516
206,4.309307098388672,0.48128294944763184,0.09493215382099152,0.4760577976703644,-0.007659018971025944,-0.5003300309181213,-0.20247593522071838,0.0,0.0,0.9128952026367188,0.08710479736328125,899.1799926757812,72.0587387084961,0.04482201859354973
207,4.144527435302734,0.46863579750061035,0.09255942702293396,0.46247562766075134,-0.0075568328611552715,-0.49236541986465454,-0.1968606561422348,0.0,0.0,0.9117202758789062,0.08827972412109375,915.3400268554688,73.16870880126953,0.04482647031545639
208,4.161062240600586,0.4719524681568146,0.09321410208940506,0.4647846519947052,-0.0076073394156992435,-0.4923325777053833,-0.19867144525051117,0.0,0.0,0.9102706909179688,0.08972930908203125,893.780029296875,70.79206085205078,0.04482364282011986
209,4.153199672698975,0.4712132215499878,0.09292931109666824,0.4664270281791687,-0.007630402687937021,-0.49694958329200745,-0.19729569554328918,0.0,0.0,0.9082412719726562,0.09175872802734375,926.6300048828125,73.38444519042969,0.0447811484336853
210,4.107209205627441,0.4613003134727478,0.09134052693843842,0.45860224962234497,-0.007406173273921013,-0.48626190423965454,-0.19214805960655212,0.0,0.0,0.9082412719726562,0.09175872802734375,898.8300170898438,71.8593978881836,0.044744424521923065
211,4.216907978057861,0.48160862922668457,0.09520243853330612,0.4712599217891693,-0.007750505581498146,-0.5045690536499023,-0.20335227251052856,0.0,0.0,0.9081039428710938,0.09189605712890625,918.739990234375,72.2076187133789,0.044827673584222794
212,4.2229719161987305,0.4734609127044678,0.09351854026317596,0.4683173596858978,-0.00766343018040061,-0.4982747435569763,-0.19896025955677032,0.0,0.0,0.9086532592773438,0.09134674072265625,931.3300170898438,74.69489288330078,0.044739387929439545
213,4.214788436889648,0.47936224937438965,0.09451662003993988,0.4752391278743744,-0.007723637856543064,-0.5032380819320679,-0.20059913396835327,0.0,0.0,0.9090118408203125,0.0909881591796875,932.969970703125,73.65157318115234,0.04467374086380005
214,4.366639137268066,0.48721417784690857,0.0964428037405014,0.4836418032646179,-0.007881141267716885,-0.5151737928390503,-0.20407631993293762,0.0,0.0,0.9100189208984375,0.0899810791015625,927.219970703125,74.3581314086914,0.0445856973528862
215,4.303583145141602,0.4869174361228943,0.0958787053823471,0.4826659858226776,-0.00788046047091484,-0.5136392712593079,-0.20453068614006042,0.0,0.0,0.9094924926757812,0.09050750732421875,915.2100219726562,72.58224487304688,0.04453985020518303
216,4.110446929931641,0.4633604884147644,0.09123533964157104,0.457781046628952,-0.007456738501787186,-0.48317402601242065,-0.19431647658348083,0.0,0.0,0.9091949462890625,0.0908050537109375,892.0399780273438,71.1336441040039,0.04448308050632477
217,4.307692527770996,0.4852052927017212,0.09552869945764542,0.48015207052230835,-0.007835001684725285,-0.510413408279419,-0.20310506224632263,0.0,0.0,0.9090805053710938,0.09091949462890625,925.1699829101562,73.97306823730469,0.04443822056055069
218,4.217565536499023,0.47319212555885315,0.09340626001358032,0.4688212275505066,-0.007625309284776449,-0.49720150232315063,-0.1991836130619049,0.0,0.0,0.9089431762695312,0.09105682373046875,904.6500244140625,72.39540100097656,0.0443306490778923
219,4.267215728759766,0.480877161026001,0.09505704790353775,0.47682860493659973,-0.007795487996190786,-0.5091837644577026,-0.20121073722839355,0.0,0.0,0.9075546264648438,0.09244537353515625,919.4299926757812,73.05512237548828,0.044307954609394073
220,4.3114728927612305,0.4865497648715973,0.09611039608716965,0.4828079640865326,-0.007885158061981201,-0.5125771760940552,-0.2046324759721756,0.0,0.0,0.9064788818359375,0.0935211181640625,937.3099975585938,75.25408172607422,0.04439961165189743
221,4.293135643005371,0.4856632649898529,0.09566555917263031,0.47970840334892273,-0.007877830415964127,-0.5088717937469482,-0.20469480752944946,0.0,0.0,0.9069442749023438,0.09305572509765625,924.0499877929688,73.47981262207031,0.04443848878145218
222,4.272315979003906,0.47852078080177307,0.09458665549755096,0.4724980592727661,-0.007729052100330591,-0.5010025501251221,-0.20132461190223694,0.0,0.0,0.9070281982421875,0.0929718017578125,904.489990234375,72.57705688476562,0.04447010159492493
223,4.091757297515869,0.4628831446170807,0.09095112979412079,0.4571838974952698,-0.007503265514969826,-0.48312675952911377,-0.19702400267124176,0.0,0.0,0.9073410034179688,0.09265899658203125,877.8900146484375,70.16910552978516,0.0444466657936573
224,4.356936454772949,0.48787468671798706,0.09662461280822754,0.4844728112220764,-0.007837599143385887,-0.5105739831924438,-0.20508414506912231,0.0,0.0,0.9077911376953125,0.0922088623046875,912.6699829101562,73.54920196533203,0.044551536440849304
225,4.293998718261719,0.48107433319091797,0.09486518055200577,0.47619521617889404,-0.007789888884872198,-0.5058887004852295,-0.20373192429542542,0.0,0.0,0.9079055786132812,0.09209442138671875,929.0,74.71379089355469,0.04447095841169357
226,4.27561616897583,0.4761475920677185,0.09384691715240479,0.4718683362007141,-0.007734005339443684,-0.5016223192214966,-0.20117752254009247,0.0,0.0,0.9080963134765625,0.0919036865234375,904.239990234375,72.78482818603516,0.04444096237421036
227,4.273876190185547,0.4795941412448883,0.0948733538389206,0.476107120513916,-0.007736478000879288,-0.5051475763320923,-0.20093943178653717,0.0,0.0,0.9073410034179688,0.09265899658203125,925.7000122070312,74.4369888305664,0.04447319358587265
228,4.298676490783691,0.48162713646888733,0.09534137696027756,0.4771326780319214,-0.007770942524075508,-0.5058363676071167,-0.20277611911296844,0.0,0.0,0.90789794921875,0.09210205078125,916.0499877929688,72.80934143066406,0.044555991888046265
229,4.191408157348633,0.4747750163078308,0.0937529057264328,0.47049105167388916,-0.0076758526265621185,-0.4983585476875305,-0.19984807074069977,0.0,0.0,0.90802001953125,0.09197998046875,919.5,72.62422943115234,0.044479407370090485
230,4.303277015686035,0.4859656095504761,0.09599518775939941,0.47996285557746887,-0.00791127234697342,-0.5119514465332031,-0.2049955278635025,0.0,0.0,0.9077529907226562,0.09224700927734375,924.5800170898438,74.04369354248047,0.04449739679694176
231,4.3144073486328125,0.4840261936187744,0.09574169665575027,0.47985896468162537,-0.007783614099025726,-0.508942723274231,-0.20333844423294067,0.0,0.0,0.9078292846679688,0.09217071533203125,905.0700073242188,72.6961441040039,0.04447243735194206
232,4.143344402313232,0.46605274081230164,0.0917302817106247,0.4595456123352051,-0.007571427151560783,-0.48845332860946655,-0.19768603146076202,0.0,0.0,0.9078445434570312,0.09215545654296875,892.4199829101562,71.00833129882812,0.04446961358189583
233,4.2544450759887695,0.4789452850818634,0.09466317296028137,0.4746324419975281,-0.007733418606221676,-0.5017627477645874,-0.2027929127216339,0.0,0.0,0.9069595336914062,0.09304046630859375,908.1599731445312,72.17659759521484,0.044474564492702484
234,4.251879692077637,0.4794374704360962,0.0944892019033432,0.47293099761009216,-0.007750030141323805,-0.5015283823013306,-0.20314210653305054,0.0,0.0,0.9076385498046875,0.0923614501953125,905.2100219726562,71.95462799072266,0.044411156326532364
235,4.321274757385254,0.48655328154563904,0.09614811837673187,0.4823853373527527,-0.00793413445353508,-0.5176677703857422,-0.20428049564361572,0.0,0.0,0.9072341918945312,0.09276580810546875,923.8200073242188,73.69202423095703,0.044343505054712296
236,4.388603210449219,0.48857128620147705,0.09641072154045105,0.48453086614608765,-0.007908836007118225,-0.5166445970535278,-0.20602917671203613,0.0,0.0,0.9077835083007812,0.09221649169921875,933.3099975585938,75.00102996826172,0.04439696669578552
237,4.3307342529296875,0.48648151755332947,0.09606117010116577,0.4803599715232849,-0.007866974920034409,-0.5106750726699829,-0.2051294445991516,0.0,0.0,0.9083404541015625,0.0916595458984375,934.1199951171875,74.97590637207031,0.04437379539012909
238,4.269431114196777,0.47784626483917236,0.09442774206399918,0.4726376235485077,-0.007772668264806271,-0.5047986507415771,-0.20167499780654907,0.0,0.0,0.90960693359375,0.09039306640625,908.5800170898438,72.46894836425781,0.04443913698196411
239,4.32607889175415,0.4853571951389313,0.09596946090459824,0.48205941915512085,-0.00785383116453886,-0.5126206874847412,-0.20412635803222656,0.0,0.0,0.911041259765625,0.088958740234375,913.739990234375,72.60893249511719,0.04454384744167328
240,4.181692600250244,0.47464555501937866,0.09326021373271942,0.46866774559020996,-0.007716696709394455,-0.5026371479034424,-0.19918011128902435,0.0,0.0,0.9099884033203125,0.0900115966796875,928.8699951171875,73.7055435180664,0.04461274296045303
241,4.318016052246094,0.4899899363517761,0.09684371203184128,0.4848887622356415,-0.00801052339375019,-0.524462103843689,-0.20502489805221558,0.0,0.0,0.9111785888671875,0.0888214111328125,927.6500244140625,73.48470306396484,0.04460424929857254
242,4.264441967010498,0.4771171808242798,0.09404677152633667,0.4724655747413635,-0.007667601108551025,-0.4992526173591614,-0.20052486658096313,0.0,0.0,0.9116744995117188,0.08832550048828125,924.7999877929688,74.24358367919922,0.044590018689632416
243,4.185843467712402,0.4725535809993744,0.09338553249835968,0.46851426362991333,-0.007662361487746239,-0.5008202791213989,-0.19919557869434357,0.0,0.0,0.9109268188476562,0.08907318115234375,915.8499755859375,72.96296691894531,0.0445646233856678
244,4.309515953063965,0.4811232089996338,0.0951181948184967,0.47767865657806396,-0.007744503207504749,-0.5073245763778687,-0.20139920711517334,0.0,0.0,0.909942626953125,0.090057373046875,912.97998046875,73.25389862060547,0.04459941014647484
245,4.086417198181152,0.47097399830818176,0.09226126968860626,0.46367985010147095,-0.007521170191466808,-0.4866495728492737,-0.1977599859237671,0.0,0.0,0.90911865234375,0.09088134765625,924.1699829101562,72.8473892211914,0.04456956684589386
246,4.314223766326904,0.4846988320350647,0.0957006961107254,0.4799746870994568,-0.00781378336250782,-0.5105093717575073,-0.2028915286064148,0.0,0.0,0.9109725952148438,0.08902740478515625,928.5800170898438,74.52281188964844,0.04459482431411743
247,4.251216888427734,0.4789564609527588,0.09455694258213043,0.47298330068588257,-0.007726756855845451,-0.5067490339279175,-0.20085707306861877,0.0,0.0,0.9121932983398438,0.08780670166015625,918.6400146484375,73.12822723388672,0.04456807300448418
248,4.260146617889404,0.4836581349372864,0.09566900134086609,0.4741480350494385,-0.007756571751087904,-0.5054198503494263,-0.20363807678222656,0.0,0.0,0.9126663208007812,0.08733367919921875,915.9199829101562,73.17273712158203,0.04452779144048691
249,4.28902006149292,0.4806283712387085,0.0946798026561737,0.4746723771095276,-0.007744463626295328,-0.5036678314208984,-0.20173558592796326,0.0,0.0,0.9133987426757812,0.08660125732421875,892.5599975585938,71.3698959350586,0.044554032385349274
250,4.2997541427612305,0.4822390079498291,0.0953226312994957,0.4778856337070465,-0.00776629289612174,-0.5093077421188354,-0.2014225721359253,0.0,0.0,0.9130859375,0.0869140625,934.22998046875,75.2399673461914,0.04463495314121246
251,4.2919697761535645,0.48346850275993347,0.09493418037891388,0.4784066081047058,-0.007747242227196693,-0.5050098896026611,-0.203081414103508,0.0,0.0,0.9122772216796875,0.0877227783203125,938.47998046875,74.20594024658203,0.04464782774448395
252,4.154735565185547,0.4699585437774658,0.09245116263628006,0.46248382329940796,-0.007586180232465267,-0.4913700520992279,-0.19746136665344238,0.0,0.0,0.9107437133789062,0.08925628662109375,887.7100219726562,70.1715316772461,0.04469123110175133
253,4.415839672088623,0.4909515976905823,0.09730575978755951,0.4882451593875885,-0.007859332486987114,-0.5173108577728271,-0.20560137927532196,0.0,0.0,0.9106292724609375,0.0893707275390625,946.52001953125,76.723876953125,0.04465528577566147
254,4.25848388671875,0.4711146354675293,0.09310963749885559,0.4672588109970093,-0.0075936513021588326,-0.49924346804618835,-0.1971062272787094,0.0,0.0,0.9113998413085938,0.08860015869140625,896.3699951171875,72.3720474243164,0.044721417129039764
255,4.1644439697265625,0.4711802303791046,0.09275883436203003,0.4679609537124634,-0.007580778561532497,-0.49627822637557983,-0.19645027816295624,0.0,0.0,0.9108810424804688,0.08911895751953125,919.9299926757812,73.45226287841797,0.04475893825292587
256,4.292626857757568,0.4773200750350952,0.09433446079492569,0.47284135222435,-0.007752582896500826,-0.5080240964889526,-0.2006373107433319,0.0,0.0,0.9104690551757812,0.08953094482421875,909.7100219726562,73.3752670288086,0.04472263529896736
257,4.253698348999023,0.4791285991668701,0.09460433572530746,0.47454479336738586,-0.007717602886259556,-0.5078073143959045,-0.19952081143856049,0.0,0.0,0.9106674194335938,0.08933258056640625,918.72998046875,73.19693756103516,0.04489493370056152
258,4.2331671714782715,0.47426557540893555,0.09327240288257599,0.46757984161376953,-0.0076590124517679214,-0.4975088834762573,-0.1988869607448578,0.0,0.0,0.91046142578125,0.08953857421875,910.9500122070312,72.71415710449219,0.044978976249694824
259,4.249167442321777,0.4783744215965271,0.09424922615289688,0.47184526920318604,-0.007644095458090305,-0.49872326850891113,-0.20008324086666107,0.0,0.0,0.9104232788085938,0.08957672119140625,917.0999755859375,73.66139221191406,0.04503204673528671
260,4.189295768737793,0.47347208857536316,0.09335514903068542,0.46922606229782104,-0.007629335857927799,-0.5013872385025024,-0.19707635045051575,0.0,0.0,0.9102630615234375,0.0897369384765625,909.989990234375,72.50106048583984,0.045178547501564026
261,4.121387958526611,0.46474745869636536,0.09118890017271042,0.4582081437110901,-0.007457062602043152,-0.4859832525253296,-0.1943613886833191,0.0,0.0,0.9090423583984375,0.0909576416015625,936.3599853515625,75.16423034667969,0.04511365294456482
262,4.197725772857666,0.4725659191608429,0.09300817549228668,0.46743378043174744,-0.007603741250932217,-0.49614042043685913,-0.19788053631782532,0.0,0.0,0.9084930419921875,0.0915069580078125,914.9400024414062,72.67327117919922,0.04506463184952736
263,4.223923683166504,0.4723939299583435,0.09291736781597137,0.466804563999176,-0.007632162421941757,-0.4986431300640106,-0.19834941625595093,0.0,0.0,0.9087905883789062,0.09120941162109375,883.0900268554688,69.58139038085938,0.0451342836022377
264,4.283493995666504,0.4785160720348358,0.09423989057540894,0.47319772839546204,-0.007675296626985073,-0.5019720196723938,-0.20053181052207947,0.0,0.0,0.9075164794921875,0.0924835205078125,914.530029296875,73.81228637695312,0.04524502530694008
265,4.081798553466797,0.46454986929893494,0.09096137434244156,0.45628851652145386,-0.007474827580153942,-0.4878913164138794,-0.19385074079036713,0.0,0.0,0.9053192138671875,0.0946807861328125,905.7999877929688,71.57867431640625,0.045213278383016586
266,4.279440402984619,0.47911691665649414,0.09421220421791077,0.47558850049972534,-0.007688467390835285,-0.5043179988861084,-0.2013469636440277,0.0,0.0,0.9034271240234375,0.0965728759765625,898.469970703125,71.91887664794922,0.04520101845264435
267,4.078285217285156,0.45561453700065613,0.08982975780963898,0.4514903724193573,-0.007328869309276342,-0.478146493434906,-0.19102975726127625,0.0,0.0,0.9013671875,0.0986328125,891.469970703125,72.12987518310547,0.04524686932563782
268,4.299384117126465,0.483595609664917,0.09574758261442184,0.4795776903629303,-0.007736835163086653,-0.5094577074050903,-0.20157387852668762,0.0,0.0,0.9001388549804688,0.09986114501953125,930.1900024414062,74.20874786376953,0.04523023962974548
269,4.333381652832031,0.48043519258499146,0.09473945200443268,0.47666558623313904,-0.007784112356603146,-0.5104628801345825,-0.20127533376216888,0.0,0.0,0.9002532958984375,0.0997467041015625,927.780029296875,74.80783081054688,0.045259904116392136
270,4.29542350769043,0.4827868938446045,0.09522278606891632,0.47781088948249817,-0.007746229879558086,-0.5069863796234131,-0.20215734839439392,0.0,0.0,0.9003829956054688,0.09961700439453125,921.6599731445312,73.8746566772461,0.04533275589346886
271,4.150783538818359,0.46526286005973816,0.09193994849920273,0.4623907804489136,-0.007544583175331354,-0.4998588562011719,-0.19316479563713074,0.0,0.0,0.8995132446289062,0.10048675537109375,888.1300048828125,70.82940673828125,0.04536311328411102
272,4.262938976287842,0.474995881319046,0.09365056455135345,0.4705256223678589,-0.0075786844827234745,-0.4945920705795288,-0.19938576221466064,0.0,0.0,0.898101806640625,0.101898193359375,929.780029296875,74.5785903930664,0.04530235752463341
273,4.238096237182617,0.4791569709777832,0.09396912157535553,0.4708137512207031,-0.007745260372757912,-0.5040268301963806,-0.20159098505973816,0.0,0.0,0.8978424072265625,0.1021575927734375,913.3400268554688,72.70976257324219,0.04523201659321785
274,4.273393630981445,0.4788290858268738,0.0944695919752121,0.4731972813606262,-0.007711509708315134,-0.5057996511459351,-0.2008410096168518,0.0,0.0,0.8973312377929688,0.10266876220703125,922.6799926757812,74.1126708984375,0.04529149830341339
275,4.156033992767334,0.46658235788345337,0.09160476922988892,0.46073171496391296,-0.007567420601844788,-0.4955487847328186,-0.19564947485923767,0.0,0.0,0.8982009887695312,0.10179901123046875,873.510009765625,69.42967987060547,0.04522395879030228
276,4.199812889099121,0.468474805355072,0.09203292429447174,0.4633100926876068,-0.007567557040601969,-0.49348872900009155,-0.1973658800125122,0.0,0.0,0.8943099975585938,0.10569000244140625,916.6799926757812,73.68342590332031,0.045192304998636246
277,4.217942237854004,0.47850173711776733,0.0937356948852539,0.4708157479763031,-0.007722383830696344,-0.5023452043533325,-0.201056569814682,0.0,0.0,0.8936004638671875,0.1063995361328125,916.5999755859375,72.75435638427734,0.045229583978652954
278,4.372974395751953,0.48791244626045227,0.0966368019580841,0.4838014245033264,-0.00790450256317854,-0.5219012498855591,-0.20331759750843048,0.0,0.0,0.8938369750976562,0.10616302490234375,924.4000244140625,74.77281188964844,0.04519326984882355
279,4.2280073165893555,0.47505834698677063,0.09346967935562134,0.46935969591140747,-0.00771290622651577,-0.506460428237915,-0.1993016004562378,0.0,0.0,0.8925933837890625,0.1074066162109375,909.469970703125,73.28482055664062,0.04515121504664421
280,4.084957122802734,0.45695605874061584,0.08969126641750336,0.4509679079055786,-0.0074198562651872635,-0.48531901836395264,-0.19176417589187622,0.0,0.0,0.8913040161132812,0.10869598388671875,897.780029296875,71.90479278564453,0.04525306448340416
281,4.348987579345703,0.4875596761703491,0.09600486606359482,0.4818498194217682,-0.007921475917100906,-0.5197098851203918,-0.2034715861082077,0.0,0.0,0.8897247314453125,0.1102752685546875,936.5499877929688,75.10994720458984,0.04536066949367523
282,4.360626220703125,0.4857012629508972,0.09586229920387268,0.48051685094833374,-0.007867561653256416,-0.5171376466751099,-0.20264562964439392,0.0,0.0,0.8923873901367188,0.10761260986328125,932.239990234375,74.67927551269531,0.04526984691619873
283,4.283635139465332,0.4792135953903198,0.09417124092578888,0.4741573929786682,-0.007756246253848076,-0.5101841688156128,-0.20077607035636902,0.0,0.0,0.8929519653320312,0.10704803466796875,917.47998046875,73.1961669921875,0.04522448033094406
284,4.323612213134766,0.4793443977832794,0.09436170756816864,0.4732574224472046,-0.007779738865792751,-0.5102168321609497,-0.201437309384346,0.0,0.0,0.89166259765625,0.10833740234375,915.1300048828125,73.87036895751953,0.04525047168135643
285,4.270188331604004,0.4783796966075897,0.09420689940452576,0.4722951054573059,-0.0077386172488331795,-0.5067203044891357,-0.20064426958560944,0.0,0.0,0.8918838500976562,0.10811614990234375,911.0800170898438,73.36845397949219,0.045216746628284454
286,4.468111991882324,0.4982534945011139,0.09865085035562515,0.4953143298625946,-0.007949608378112316,-0.5298237800598145,-0.20673120021820068,0.0,0.0,0.8931961059570312,0.10680389404296875,960.0,77.65120697021484,0.04520837590098381
287,4.233752727508545,0.479653000831604,0.09419123828411102,0.4737197756767273,-0.007781312335282564,-0.5106167793273926,-0.20096708834171295,0.0,0.0,0.8946304321289062,0.10536956787109375,912.510009765625,72.73097229003906,0.04527675360441208
288,4.19470739364624,0.4721146821975708,0.09284591674804688,0.46671339869499207,-0.007673353422433138,-0.5059266686439514,-0.19722898304462433,0.0,0.0,0.8942947387695312,0.10570526123046875,902.3499755859375,71.72401428222656,0.045250747352838516
289,4.209758758544922,0.47295281291007996,0.09306077659130096,0.4689018130302429,-0.007588851265609264,-0.49991917610168457,-0.19719137251377106,0.0,0.0,0.8935928344726562,0.10640716552734375,910.6599731445312,72.9591064453125,0.04524283483624458
290,4.272711753845215,0.4794279932975769,0.09468352794647217,0.47605735063552856,-0.007658137008547783,-0.5071883201599121,-0.19896066188812256,0.0,0.0,0.8936996459960938,0.10630035400390625,917.25,73.81913757324219,0.04518308863043785
291,4.185094833374023,0.47055554389953613,0.09246201068162918,0.46465057134628296,-0.007571272552013397,-0.495710164308548,-0.19684664905071259,0.0,0.0,0.892974853515625,0.107025146484375,903.5700073242188,71.71910858154297,0.04517105221748352
292,4.175936222076416,0.46697336435317993,0.0919448509812355,0.46211349964141846,-0.007542762905359268,-0.49776604771614075,-0.19471529126167297,0.0,0.0,0.8927841186523438,0.10721588134765625,890.9000244140625,71.27068328857422,0.04528465121984482
293,4.167697429656982,0.46540215611457825,0.09153029322624207,0.46137067675590515,-0.007471046876162291,-0.49455487728118896,-0.19390535354614258,0.0,0.0,0.8919143676757812,0.10808563232421875,915.9099731445312,73.75108337402344,0.04531966894865036
294,4.363181114196777,0.49059611558914185,0.09640765935182571,0.4844987690448761,-0.007895233109593391,-0.5194506645202637,-0.20518194139003754,0.0,0.0,0.8930892944335938,0.10691070556640625,941.989990234375,75.05882263183594,0.0453232005238533
295,4.215884685516357,0.4745480716228485,0.09325804561376572,0.47030264139175415,-0.007639272138476372,-0.5043491125106812,-0.19771841168403625,0.0,0.0,0.8944931030273438,0.10550689697265625,900.5499877929688,71.72955322265625,0.04538840800523758
296,4.213335990905762,0.4761212468147278,0.09356257319450378,0.4713101089000702,-0.007653974927961826,-0.5019232034683228,-0.1994701325893402,0.0,0.0,0.8946685791015625,0.1053314208984375,935.7000122070312,74.71480560302734,0.045436106622219086
297,4.269630432128906,0.47688812017440796,0.09393948316574097,0.47175684571266174,-0.007713350933045149,-0.5076748132705688,-0.19875185191631317,0.0,0.0,0.8960494995117188,0.10395050048828125,913.3300170898438,73.30795288085938,0.04537573456764221
298,4.192516803741455,0.46977174282073975,0.09223288297653198,0.46367400884628296,-0.007522864267230034,-0.49457499384880066,-0.1964879333972931,0.0,0.0,0.89556884765625,0.10443115234375,921.2000122070312,73.9821548461914,0.04547790437936783
299,4.328825950622559,0.48574069142341614,0.09578710794448853,0.48137396574020386,-0.007746152579784393,-0.5143380165100098,-0.2016240954399109,0.0,0.0,0.8951263427734375,0.1048736572265625,923.1500244140625,73.73146057128906,0.04557712376117706
300,4.20775032043457,0.47220584750175476,0.09296923875808716,0.46674877405166626,-0.007628576830029488,-0.5007797479629517,-0.19774511456489563,0.0,0.0,0.8945541381835938,0.10544586181640625,919.6599731445312,74.03192138671875,0.045576564967632294
301,4.227696418762207,0.4805457890033722,0.094550222158432,0.47436392307281494,-0.007702788803726435,-0.5058844089508057,-0.19946439564228058,0.0,0.0,0.8947982788085938,0.10520172119140625,917.2100219726562,72.56925201416016,0.045565761625766754
302,4.285386085510254,0.4821505546569824,0.09489002078771591,0.47635021805763245,-0.0076584238559007645,-0.5061038136482239,-0.20088161528110504,0.0,0.0,0.8953857421875,0.1046142578125,932.2100219726562,74.14778900146484,0.045589953660964966
303,4.1972761154174805,0.4730702042579651,0.09319110214710236,0.46886593103408813,-0.007565503939986229,-0.5004742741584778,-0.19664119184017181,0.0,0.0,0.8959121704101562,0.10408782958984375,909.4199829101562,72.46005249023438,0.045634008944034576
304,4.302471160888672,0.4791714549064636,0.0943954735994339,0.4740665853023529,-0.007606968283653259,-0.5005512833595276,-0.2005404829978943,0.0,0.0,0.896331787109375,0.103668212890625,922.2100219726562,74.46989440917969,0.045641809701919556
305,4.00936222076416,0.4587971270084381,0.09009222686290741,0.45317506790161133,-0.0072862678207457066,-0.47846508026123047,-0.19081814587116241,0.0,0.0,0.89630126953125,0.10369873046875,878.7899780273438,68.36792755126953,0.045629918575286865
306,4.351951599121094,0.4875209331512451,0.09638263285160065,0.4831918478012085,-0.007767203729599714,-0.5129431486129761,-0.2026485800743103,0.0,0.0,0.89892578125,0.10107421875,929.1699829101562,74.79559326171875,0.0457083135843277
307,4.176470756530762,0.46812406182289124,0.09213251620531082,0.46219271421432495,-0.0074369292706251144,-0.49360355734825134,-0.194677472114563,0.0,0.0,0.8993988037109375,0.1006011962890625,893.1599731445312,71.43673706054688,0.04570690169930458
308,4.277515411376953,0.4791489839553833,0.09449861943721771,0.4759075939655304,-0.007571778260171413,-0.4980674088001251,-0.19957652688026428,0.0,0.0,0.8977737426757812,0.10222625732421875,925.4299926757812,74.85961151123047,0.04575413092970848
309,4.351178169250488,0.4903898239135742,0.0968690812587738,0.4850517511367798,-0.007739430759102106,-0.5115129947662354,-0.20400698482990265,0.0,0.0,0.8994674682617188,0.10053253173828125,949.52001953125,75.80418395996094,0.04569484293460846
310,4.223441123962402,0.47370874881744385,0.09340746700763702,0.468578964471817,-0.007456705439835787,-0.4913400411605835,-0.19653335213661194,0.0,0.0,0.9017181396484375,0.0982818603515625,918.7000122070312,73.9732894897461,0.04579427093267441
311,4.294720649719238,0.48069363832473755,0.09496808052062988,0.47726866602897644,-0.0075863199308514595,-0.5011093616485596,-0.19993352890014648,0.0,0.0,0.9031143188476562,0.09688568115234375,927.510009765625,74.53936004638672,0.04590168595314026
312,4.1995391845703125,0.4683227837085724,0.09230108559131622,0.46298718452453613,-0.0073775798082351685,-0.4898243546485901,-0.1938471794128418,0.0,0.0,0.9025955200195312,0.09740447998046875,899.0800170898438,72.0068588256836,0.04590858519077301
313,4.046559810638428,0.45861953496932983,0.0902143120765686,0.45364809036254883,-0.007224284112453461,-0.4752442240715027,-0.1903897076845169,0.0,0.0,0.901336669921875,0.098663330078125,898.3699951171875,71.33179473876953,0.04600083827972412
314,4.288016319274902,0.4814997911453247,0.09517589211463928,0.47733908891677856,-0.007487570401281118,-0.49728792905807495,-0.19866910576820374,0.0,0.0,0.900177001953125,0.099822998046875,930.260009765625,75.19690704345703,0.04610390588641167
315,4.089651107788086,0.4619312286376953,0.09083916246891022,0.4546129107475281,-0.007232989650219679,-0.4766945540904999,-0.19230371713638306,0.0,0.0,0.9004669189453125,0.0995330810546875,883.969970703125,70.97970581054688,0.045926786959171295
316,4.089766502380371,0.45525336265563965,0.08990702033042908,0.4508889615535736,-0.007079692557454109,-0.47031769156455994,-0.18885383009910583,0.0,0.0,0.8994598388671875,0.1005401611328125,893.0599975585938,72.37110137939453,0.045996733009815216
317,4.252687454223633,0.48210495710372925,0.09526687860488892,0.47834235429763794,-0.0075573790818452835,-0.501683235168457,-0.1982807219028473,0.0,0.0,0.8985824584960938,0.10141754150390625,919.75,73.66443634033203,0.04591042548418045
318,4.221035003662109,0.4787198305130005,0.09421159327030182,0.47411561012268066,-0.007493084296584129,-0.49309879541397095,-0.1985258162021637,0.0,0.0,0.8993148803710938,0.10068511962890625,909.3800048828125,72.12409210205078,0.04587133601307869
319,4.306020736694336,0.4832612872123718,0.09535320848226547,0.4785344898700714,-0.007521690800786018,-0.496582955121994,-0.19942045211791992,0.0,0.0,0.9007034301757812,0.09929656982421875,918.5499877929688,73.84773254394531,0.04590596258640289
320,4.142765045166016,0.46684861183166504,0.09195469319820404,0.4606914520263672,-0.0073478976264595985,-0.4836162328720093,-0.19406607747077942,0.0,0.0,0.9007720947265625,0.0992279052734375,900.030029296875,72.28382110595703,0.04594634845852852
321,4.207333087921143,0.4737664759159088,0.09311612695455551,0.4672672152519226,-0.0074046277441084385,-0.4860028922557831,-0.19716888666152954,0.0,0.0,0.9002456665039062,0.09975433349609375,903.25,72.47554016113281,0.04600299894809723
322,4.23245906829834,0.47734999656677246,0.09427822381258011,0.4741021394729614,-0.007351875305175781,-0.48737210035324097,-0.1968328058719635,0.0,0.0,0.89947509765625,0.10052490234375,927.8900146484375,74.42766571044922,0.04617004096508026
323,4.1183013916015625,0.4655376076698303,0.09155327081680298,0.4608064889907837,-0.007189478259533644,-0.47144946455955505,-0.19323572516441345,0.0,0.0,0.90045166015625,0.09954833984375,882.739990234375,70.49468994140625,0.046277038753032684
324,4.091238975524902,0.4627731442451477,0.09077908843755722,0.4552431106567383,-0.007138595450669527,-0.4658331274986267,-0.19308426976203918,0.0,0.0,0.8976898193359375,0.1023101806640625,897.1500244140625,71.76013946533203,0.04625067114830017
325,4.218033790588379,0.47268813848495483,0.09333468228578568,0.46907839179039,-0.007282623089849949,-0.4833538830280304,-0.19425749778747559,0.0,0.0,0.8973464965820312,0.10265350341796875,908.2100219726562,73.39484405517578,0.046250924468040466
326,4.19980525970459,0.4747198820114136,0.0938587337732315,0.47197744250297546,-0.007248693145811558,-0.47966378927230835,-0.1948174238204956,0.0,0.0,0.897491455078125,0.102508544921875,912.3300170898438,73.01629638671875,0.04618272930383682
327,4.087896823883057,0.46241241693496704,0.09135862439870834,0.4584044814109802,-0.007072207517921925,-0.46800562739372253,-0.1901668906211853,0.0,0.0,0.8963699340820312,0.10363006591796875,877.5,70.13212585449219,0.04609432816505432
328,4.235642433166504,0.47865796089172363,0.09439873695373535,0.4733855128288269,-0.007340061943978071,-0.4840119481086731,-0.19750116765499115,0.0,0.0,0.8967056274414062,0.10329437255859375,920.530029296875,73.64031982421875,0.0461043044924736
329,4.241327285766602,0.4770515561103821,0.09413651376962662,0.4726342260837555,-0.007277156226336956,-0.4827616214752197,-0.1963890790939331,0.0,0.0,0.8963699340820312,0.10363006591796875,910.1099853515625,72.63163757324219,0.04614900425076485
330,4.309721946716309,0.4854747951030731,0.09605352580547333,0.4817516505718231,-0.007464915979653597,-0.49649572372436523,-0.1992182433605194,0.0,0.0,0.897125244140625,0.102874755859375,946.1199951171875,76.4372787475586,0.04617629945278168
331,4.158674240112305,0.4687667489051819,0.09208126366138458,0.46327880024909973,-0.007238761521875858,-0.47493064403533936,-0.1945989578962326,0.0,0.0,0.8979873657226562,0.10201263427734375,900.1099853515625,71.77906799316406,0.0462256595492363
332,4.274899959564209,0.48236870765686035,0.09506687521934509,0.4789224863052368,-0.007357398048043251,-0.4869442284107208,-0.19838276505470276,0.0,0.0,0.89703369140625,0.10296630859375,933.3900146484375,74.85064697265625,0.0461726076900959
333,4.144575595855713,0.47261521220207214,0.0932428240776062,0.4684554934501648,-0.007280511781573296,-0.4783841073513031,-0.19453033804893494,0.0,0.0,0.8975296020507812,0.10247039794921875,917.3599853515625,73.22958374023438,0.04614042490720749
334,4.060112953186035,0.4641876816749573,0.09128463268280029,0.457516074180603,-0.007124770432710648,-0.46741360425949097,-0.19151486456394196,0.0,0.0,0.8971939086914062,0.10280609130859375,920.8200073242188,73.48979949951172,0.04615602642297745
335,4.252684593200684,0.47895580530166626,0.09454470872879028,0.47492673993110657,-0.007452943362295628,-0.48964449763298035,-0.19895002245903015,0.0,0.0,0.8975982666015625,0.1024017333984375,899.3300170898438,71.45850372314453,0.046210624277591705
336,4.146124362945557,0.4694098234176636,0.09246280789375305,0.4638768136501312,-0.007209296803921461,-0.474789023399353,-0.19455945491790771,0.0,0.0,0.8973236083984375,0.1026763916015625,899.6699829101562,71.87000274658203,0.04612348973751068
337,4.254908084869385,0.47916465997695923,0.09463730454444885,0.47499799728393555,-0.007386568933725357,-0.48951518535614014,-0.19860130548477173,0.0,0.0,0.8978805541992188,0.10211944580078125,915.3800048828125,73.48822021484375,0.04618874937295914
338,4.303704738616943,0.4847559332847595,0.09565583616495132,0.4804334342479706,-0.007420348469167948,-0.49017852544784546,-0.19986435770988464,0.0,0.0,0.8993759155273438,0.10062408447265625,935.4600219726562,75.121337890625,0.046036191284656525
339,4.287238121032715,0.4821477234363556,0.09522147476673126,0.4787377417087555,-0.007443063892424107,-0.4935445785522461,-0.19939425587654114,0.0,0.0,0.8995819091796875,0.1004180908203125,923.4299926757812,73.86282348632812,0.04605051502585411
340,4.140521049499512,0.4682203531265259,0.09207528829574585,0.46181005239486694,-0.007227775640785694,-0.47452017664909363,-0.19459393620491028,0.0,0.0,0.89862060546875,0.10137939453125,899.989990234375,71.52208709716797,0.04599298536777496
341,4.297430992126465,0.48553285002708435,0.09621500968933105,0.48224347829818726,-0.0075152842327952385,-0.4997323155403137,-0.2007962167263031,0.0,0.0,0.8965072631835938,0.10349273681640625,925.1099853515625,73.84195709228516,0.045993972569704056
342,4.273556709289551,0.4782295227050781,0.09465356171131134,0.4749241769313812,-0.007353453431278467,-0.48735013604164124,-0.1972300112247467,0.0,0.0,0.8965988159179688,0.10340118408203125,918.1599731445312,73.94406127929688,0.04611542820930481
343,4.203742980957031,0.4753161370754242,0.09387493133544922,0.47153133153915405,-0.007290870416909456,-0.482435941696167,-0.19605697691440582,0.0,0.0,0.897552490234375,0.102447509765625,901.3800048828125,71.98873901367188,0.04609863832592964
344,4.293475151062012,0.4853103458881378,0.09577785432338715,0.48055601119995117,-0.007474970072507858,-0.49319222569465637,-0.20096170902252197,0.0,0.0,0.899078369140625,0.100921630859375,928.4000244140625,73.76702117919922,0.046130575239658356
345,4.278628349304199,0.47816702723503113,0.0947721004486084,0.47493621706962585,-0.007341047283262014,-0.4866275191307068,-0.19781990349292755,0.0,0.0,0.8992919921875,0.1007080078125,920.25,74.0952377319336,0.04618454352021217
346,4.257067680358887,0.47865059971809387,0.09472252428531647,0.4748174548149109,-0.007324262522161007,-0.48612308502197266,-0.19752806425094604,0.0,0.0,0.9002456665039062,0.09975433349609375,918.510009765625,74.09601593017578,0.046199649572372437
347,4.353153705596924,0.487720787525177,0.09673428535461426,0.4857391119003296,-0.0074366237968206406,-0.4942646324634552,-0.2010323405265808,0.0,0.0,0.9018325805664062,0.09816741943359375,941.280029296875,76.0134506225586,0.04608809947967529
348,4.2498555183410645,0.48329639434814453,0.09525804966688156,0.47720539569854736,-0.007451424840837717,-0.4903356730937958,-0.20104463398456573,0.0,0.0,0.9028167724609375,0.0971832275390625,924.3300170898438,74.10114288330078,0.04612940549850464
349,4.204049587249756,0.4791380763053894,0.09465565532445908,0.4748241901397705,-0.00735758151859045,-0.4852057993412018,-0.19793978333473206,0.0,0.0,0.9025421142578125,0.0974578857421875,934.280029296875,74.50856018066406,0.04613809287548065
350,4.207416534423828,0.472248911857605,0.0933942198753357,0.4695228040218353,-0.007204317953437567,-0.4766705632209778,-0.1952366679906845,0.0,0.0,0.9028091430664062,0.09719085693359375,895.9000244140625,72.0179214477539,0.04605134204030037
351,4.198253631591797,0.4781777262687683,0.09426533430814743,0.47204387187957764,-0.007334503810852766,-0.47804519534111023,-0.19832566380500793,0.0,0.0,0.9035186767578125,0.0964813232421875,921.4099731445312,73.27232360839844,0.04608216509222984
352,4.218874454498291,0.4787610173225403,0.09451612830162048,0.4737817049026489,-0.0073130992241203785,-0.48101359605789185,-0.19765037298202515,0.0,0.0,0.9031524658203125,0.0968475341796875,918.3300170898438,73.60775756835938,0.046076759696006775
353,4.226348400115967,0.4808998107910156,0.09480437636375427,0.47649621963500977,-0.0073294006288051605,-0.4810357689857483,-0.19828426837921143,0.0,0.0,0.9040069580078125,0.0959930419921875,918.5399780273438,73.9989242553711,0.04597241058945656
354,4.213871955871582,0.4785827398300171,0.09461069107055664,0.4745956361293793,-0.007300493307411671,-0.4826192259788513,-0.19715607166290283,0.0,0.0,0.9072265625,0.0927734375,923.4500122070312,73.35687255859375,0.046006493270397186
355,4.3349738121032715,0.4885771870613098,0.09667190909385681,0.48688292503356934,-0.007428552955389023,-0.4920913577079773,-0.20097175240516663,0.0,0.0,0.9094161987304688,0.09058380126953125,933.6699829101562,74.46358489990234,0.04592149332165718
356,4.191396713256836,0.47108009457588196,0.09288078546524048,0.4665309190750122,-0.007179665844887495,-0.47260987758636475,-0.19508999586105347,0.0,0.0,0.9095382690429688,0.09046173095703125,905.969970703125,72.333740234375,0.04585402458906174
357,4.100966453552246,0.46661630272865295,0.09168682992458344,0.4605632424354553,-0.007156566716730595,-0.4700372815132141,-0.19335804879665375,0.0,0.0,0.9089813232421875,0.0910186767578125,918.8800048828125,72.63724517822266,0.0458504818379879
358,4.2317047119140625,0.4747915267944336,0.09348644316196442,0.4709087610244751,-0.007209249306470156,-0.473363995552063,-0.19678941369056702,0.0,0.0,0.9089126586914062,0.09108734130859375,916.9400024414062,73.75138092041016,0.045798078179359436
359,4.2673234939575195,0.4834756851196289,0.09524299204349518,0.47973328828811646,-0.007285476662218571,-0.48048511147499084,-0.1993909478187561,0.0,0.0,0.9097366333007812,0.09026336669921875,920.0800170898438,73.18672180175781,0.04579145461320877
360,4.303828239440918,0.4858561158180237,0.09619919955730438,0.4827292561531067,-0.007380494847893715,-0.48842906951904297,-0.20022298395633698,0.0,0.0,0.9096450805664062,0.09035491943359375,928.9400024414062,74.95549774169922,0.04569152370095253
361,4.187652587890625,0.47596433758735657,0.09426695853471756,0.4735948443412781,-0.007297665812075138,-0.48582446575164795,-0.1950882375240326,0.0,0.0,0.9102249145507812,0.08977508544921875,913.8400268554688,72.82861328125,0.04574263095855713
362,4.178940296173096,0.47818365693092346,0.09448908269405365,0.4742494821548462,-0.00721359346061945,-0.476021945476532,-0.1968851238489151,0.0,0.0,0.9105987548828125,0.0894012451171875,926.0399780273438,73.64666748046875,0.04562460631132126
363,4.294764041900635,0.4859917163848877,0.09629438072443008,0.4836490750312805,-0.007318394724279642,-0.48647540807724,-0.19965216517448425,0.0,0.0,0.9121856689453125,0.0878143310546875,930.9199829101562,74.14134979248047,0.04563586413860321
364,4.042359352111816,0.45820698142051697,0.09000719338655472,0.4527156949043274,-0.006985578685998917,-0.45628848671913147,-0.19040128588676453,0.0,0.0,0.9127578735351562,0.08724212646484375,874.47998046875,70.33360290527344,0.04568978399038315
365,4.165733814239502,0.4790324568748474,0.09428023546934128,0.46744513511657715,-0.007337176240980625,-0.47698450088500977,-0.20090413093566895,0.0,0.0,0.91082763671875,0.08917236328125,912.3800048828125,71.00659942626953,0.04566095769405365
366,4.24948787689209,0.4813993573188782,0.09515939652919769,0.47718119621276855,-0.007322417572140694,-0.4833228886127472,-0.19942806661128998,0.0,0.0,0.91107177734375,0.08892822265625,915.3300170898438,73.22762298583984,0.04569456726312637
367,4.096121788024902,0.46317151188850403,0.09110590815544128,0.45818090438842773,-0.007049260661005974,-0.4621073603630066,-0.19129827618598938,0.0,0.0,0.9095458984375,0.0904541015625,885.510009765625,71.04484558105469,0.04568866267800331
368,4.166547775268555,0.4717552661895752,0.09308062493801117,0.46743497252464294,-0.007177883293479681,-0.47301292419433594,-0.1943964660167694,0.0,0.0,0.9090576171875,0.0909423828125,905.239990234375,72.170654296875,0.04573610797524452
369,4.223236560821533,0.48311847448349,0.09487204253673553,0.4751818776130676,-0.007396174594759941,-0.4835016131401062,-0.20059829950332642,0.0,0.0,0.908416748046875,0.091583251953125,918.1599731445312,73.09905242919922,0.045806072652339935
370,4.218613624572754,0.4772414565086365,0.09413541853427887,0.47309672832489014,-0.007235061377286911,-0.4775075316429138,-0.19698679447174072,0.0,0.0,0.9085464477539062,0.09145355224609375,933.3599853515625,74.64592742919922,0.045862313359975815
371,4.20568323135376,0.4767059087753296,0.09386443346738815,0.47150567173957825,-0.007268147077411413,-0.477264404296875,-0.19698229432106018,0.0,0.0,0.90924072265625,0.09075927734375,900.97998046875,71.94680786132812,0.04594331979751587
372,4.0280914306640625,0.46154510974884033,0.09069685637950897,0.455963134765625,-0.007042561657726765,-0.4594118595123291,-0.19184693694114685,0.0,0.0,0.9076614379882812,0.09233856201171875,901.1599731445312,71.51306915283203,0.04591350257396698
373,3.897364616394043,0.4511202275753021,0.08853661268949509,0.4470618665218353,-0.006857641972601414,-0.44741401076316833,-0.186472088098526,0.0,0.0,0.906494140625,0.093505859375,875.4600219726562,68.92498779296875,0.04591139405965805
374,4.222198486328125,0.4760385751724243,0.09375657886266708,0.4718455374240875,-0.007214920129626989,-0.47522932291030884,-0.19702288508415222,0.0,0.0,0.9063262939453125,0.0936737060546875,904.3099975585938,72.33114624023438,0.04603731632232666
375,4.128993034362793,0.46898889541625977,0.09259460866451263,0.46260887384414673,-0.007240092381834984,-0.47394782304763794,-0.1950829029083252,0.0,0.0,0.9056320190429688,0.09436798095703125,907.9400024414062,72.25482940673828,0.046119220554828644
376,4.212242126464844,0.47503480315208435,0.0937422513961792,0.4707457423210144,-0.007220390718430281,-0.47516292333602905,-0.1965736746788025,0.0,0.0,0.9043426513671875,0.0956573486328125,918.52001953125,73.90982055664062,0.04621129482984543
377,4.2550506591796875,0.4773494005203247,0.09425251930952072,0.47277000546455383,-0.007302791345864534,-0.4809967577457428,-0.19804692268371582,0.0,0.0,0.9037399291992188,0.09626007080078125,907.0499877929688,73.38153076171875,0.04625917598605156
378,4.331632614135742,0.4868896007537842,0.0963231548666954,0.4834079444408417,-0.007467331364750862,-0.4952138066291809,-0.20064285397529602,0.0,0.0,0.9034423828125,0.0965576171875,936.4099731445312,75.01657104492188,0.046199552714824677
379,4.1595563888549805,0.47439318895339966,0.09374208748340607,0.4699655771255493,-0.007264760322868824,-0.4774147868156433,-0.19565480947494507,0.0,0.0,0.9046859741210938,0.09531402587890625,906.989990234375,71.85076904296875,0.04620806500315666
380,4.234890460968018,0.4822264313697815,0.09507973492145538,0.4777645468711853,-0.0074099525809288025,-0.4865475296974182,-0.19969254732131958,0.0,0.0,0.9050216674804688,0.09497833251953125,915.9299926757812,72.80718231201172,0.04623497650027275
381,4.067381858825684,0.4606483578681946,0.09079816937446594,0.45671766996383667,-0.0070838602259755135,-0.46590232849121094,-0.1905907392501831,0.0,0.0,0.9047088623046875,0.0952911376953125,897.4500122070312,71.56035614013672,0.04628744721412659
382,4.156223297119141,0.47094985842704773,0.09256306290626526,0.4659138023853302,-0.00725711602717638,-0.473522424697876,-0.1965988576412201,0.0,0.0,0.906036376953125,0.093963623046875,901.0999755859375,71.8053970336914,0.0462084524333477
383,4.0901594161987305,0.4619000554084778,0.09056153148412704,0.45609307289123535,-0.007129577919840813,-0.4640413820743561,-0.1934324949979782,0.0,0.0,0.9044113159179688,0.09558868408203125,910.0,73.15151977539062,0.04627713933587074
384,4.267978668212891,0.47910386323928833,0.09452269226312637,0.47509798407554626,-0.007354867644608021,-0.4861045479774475,-0.19889841973781586,0.0,0.0,0.903961181640625,0.096038818359375,918.2999877929688,73.6406021118164,0.046300288289785385
385,4.113497734069824,0.46559393405914307,0.09185957908630371,0.4598836600780487,-0.007237703539431095,-0.47528570890426636,-0.19364207983016968,0.0,0.0,0.9038772583007812,0.09612274169921875,892.1699829101562,71.2652359008789,0.04631824791431427
386,4.35150146484375,0.48484671115875244,0.09582498669624329,0.48166877031326294,-0.007430912461131811,-0.4902840256690979,-0.2018682360649109,0.0,0.0,0.903564453125,0.096435546875,924.9299926757812,74.84098815917969,0.046340588480234146
387,4.2969865798950195,0.4837130606174469,0.09561755508184433,0.48064732551574707,-0.007462524343281984,-0.49510079622268677,-0.2010549008846283,0.0,0.0,0.9056625366210938,0.09433746337890625,938.5900268554688,75.20960235595703,0.04632779210805893
388,4.298009872436523,0.4878605604171753,0.09649658203125,0.4824813902378082,-0.007519587874412537,-0.4945232570171356,-0.20204804837703705,0.0,0.0,0.9070358276367188,0.09296417236328125,928.6599731445312,74.27687072753906,0.046218231320381165
389,4.196449279785156,0.4735392928123474,0.09321493655443192,0.4676315188407898,-0.0073617491871118546,-0.4811861217021942,-0.1980888694524765,0.0,0.0,0.9057235717773438,0.09427642822265625,910.9199829101562,72.42455291748047,0.04614219069480896
390,4.3025221824646,0.4846460819244385,0.09594127535820007,0.480983704328537,-0.007414601277559996,-0.4904186427593231,-0.20092204213142395,0.0,0.0,0.9054031372070312,0.09459686279296875,927.47998046875,74.41714477539062,0.04619770497083664
391,4.2149248123168945,0.4815276265144348,0.0946144163608551,0.4768696129322052,-0.007467411924153566,-0.49146848917007446,-0.20015233755111694,0.0,0.0,0.9059371948242188,0.09406280517578125,919.4000244140625,72.440185546875,0.04613909125328064
392,4.091494560241699,0.4650067389011383,0.09099274128675461,0.4592360854148865,-0.007254802621901035,-0.4737637937068939,-0.19437891244888306,0.0,0.0,0.9043731689453125,0.0956268310546875,914.4500122070312,73.04856872558594,0.04608532786369324
393,4.257218837738037,0.47919967770576477,0.09480069577693939,0.47117751836776733,-0.007412683218717575,-0.48779183626174927,-0.20011895895004272,0.0,0.0,0.9035491943359375,0.0964508056640625,918.97998046875,73.67180633544922,0.046173714101314545
394,4.266803741455078,0.4803318977355957,0.09505270421504974,0.47685420513153076,-0.00743120489642024,-0.4884616732597351,-0.200698584318161,0.0,0.0,0.90350341796875,0.09649658203125,934.489990234375,74.57379913330078,0.04612557962536812
395,4.227096080780029,0.477258563041687,0.09404943883419037,0.47127240896224976,-0.007441920693963766,-0.4882240295410156,-0.19962796568870544,0.0,0.0,0.90380859375,0.09619140625,920.4500122070312,73.33861541748047,0.04614122211933136
396,4.352774143218994,0.4900103509426117,0.09661023318767548,0.4845276474952698,-0.0075696296989917755,-0.49631720781326294,-0.20426009595394135,0.0,0.0,0.9044113159179688,0.09558868408203125,940.5599975585938,75.06558227539062,0.04623180627822876
397,4.25268030166626,0.48447370529174805,0.09507843852043152,0.4781780242919922,-0.007575326599180698,-0.4927970767021179,-0.20314760506153107,0.0,0.0,0.9067306518554688,0.09326934814453125,920.6799926757812,72.86894989013672,0.04634321853518486
398,4.291037082672119,0.4863835871219635,0.09605386108160019,0.48221805691719055,-0.007606189232319593,-0.5014073848724365,-0.20301274955272675,0.0,0.0,0.907806396484375,0.092193603515625,938.4600219726562,75.36139678955078,0.04655200615525246
399,4.139910697937012,0.471333771944046,0.09259136021137238,0.46629416942596436,-0.007336507551372051,-0.47837376594543457,-0.19716276228427887,0.0,0.0,0.9090957641601562,0.09090423583984375,905.760009765625,71.96509552001953,0.04654795676469803
400,4.134488105773926,0.4641755521297455,0.09129955619573593,0.4591171145439148,-0.007283828221261501,-0.47524234652519226,-0.1942136138677597,0.0,0.0,0.9073410034179688,0.09265899658203125,879.02001953125,70.17807006835938,0.04669241979718208
401,4.22808837890625,0.4719310402870178,0.09318439662456512,0.464549720287323,-0.007426802068948746,-0.48786136507987976,-0.19821210205554962,0.0,0.0,0.9065780639648438,0.09342193603515625,920.3599853515625,74.43879699707031,0.0466037392616272
402,4.223573684692383,0.47527775168418884,0.09351155906915665,0.470145583152771,-0.007529853377491236,-0.4917740225791931,-0.19971248507499695,0.0,0.0,0.9061126708984375,0.0938873291015625,905.6799926757812,72.23880767822266,0.04654286801815033
403,4.225149154663086,0.47719958424568176,0.09412819892168045,0.47165945172309875,-0.007437094114720821,-0.4900270700454712,-0.19906967878341675,0.0,0.0,0.906494140625,0.093505859375,916.4400024414062,73.78189849853516,0.046574611216783524
404,4.392271041870117,0.48459964990615845,0.0957520380616188,0.48220095038414,-0.007568757515400648,-0.4997158348560333,-0.20268923044204712,0.0,0.0,0.9076690673828125,0.0923309326171875,922.0800170898438,75.039306640625,0.04655427858233452
405,3.9901061058044434,0.45873698592185974,0.08995827287435532,0.44869935512542725,-0.007261043880134821,-0.46841442584991455,-0.19531314074993134,0.0,0.0,0.9080352783203125,0.0919647216796875,883.3200073242188,69.76083374023438,0.04660692438483238
406,4.048765182495117,0.45378249883651733,0.08934760838747025,0.4483164846897125,-0.007156704552471638,-0.47048214077949524,-0.19052793085575104,0.0,0.0,0.90631103515625,0.09368896484375,906.469970703125,72.95486450195312,0.04656481742858887
407,4.1596760749816895,0.46525242924690247,0.09130609035491943,0.4596013128757477,-0.007303661201149225,-0.476715624332428,-0.1962481141090393,0.0,0.0,0.9046478271484375,0.0953521728515625,897.739990234375,72.58870697021484,0.0465247668325901
408,4.2723236083984375,0.4834311902523041,0.09545689821243286,0.479453980922699,-0.007593065034598112,-0.49936822056770325,-0.20215824246406555,0.0,0.0,0.904541015625,0.095458984375,940.22998046875,75.70502471923828,0.04642019420862198
409,4.21046257019043,0.4704838693141937,0.09269794076681137,0.4654524028301239,-0.0074500879272818565,-0.4884776473045349,-0.19733265042304993,0.0,0.0,0.9044342041015625,0.0955657958984375,908.0800170898438,73.35037994384766,0.04649347811937332
410,4.120628356933594,0.46180251240730286,0.09082390367984772,0.4549751281738281,-0.007351648062467575,-0.4807640314102173,-0.1950806975364685,0.0,0.0,0.9030303955078125,0.0969696044921875,860.4500122070312,68.96401977539062,0.04656253010034561
411,4.243499279022217,0.47920775413513184,0.09452736377716064,0.47425490617752075,-0.007495267316699028,-0.49521058797836304,-0.19872704148292542,0.0,0.0,0.9021224975585938,0.09787750244140625,913.3300170898438,72.64102172851562,0.04654986411333084
412,4.243190765380859,0.48051801323890686,0.09456050395965576,0.4749939441680908,-0.0075793880969285965,-0.4970805048942566,-0.20063696801662445,0.0,0.0,0.9004364013671875,0.0995635986328125,922.3699951171875,73.84278869628906,0.04663446545600891
413,4.1132097244262695,0.46234625577926636,0.09068985283374786,0.45694804191589355,-0.007300114259123802,-0.4770801365375519,-0.19412511587142944,0.0,0.0,0.9006500244140625,0.0993499755859375,918.780029296875,73.82665252685547,0.04652822017669678
414,4.205411911010742,0.4721347987651825,0.09311547875404358,0.46636223793029785,-0.007516799494624138,-0.495250403881073,-0.1979222446680069,0.0,0.0,0.90020751953125,0.09979248046875,887.8499755859375,70.43372344970703,0.04661032184958458
415,4.256043434143066,0.47463056445121765,0.0933196172118187,0.46852970123291016,-0.007536469027400017,-0.4956502318382263,-0.1997075378894806,0.0,0.0,0.9003829956054688,0.09961700439453125,897.010009765625,72.11348724365234,0.04658817499876022
416,4.119240760803223,0.46353524923324585,0.09087635576725006,0.4571842551231384,-0.007385746110230684,-0.4820123314857483,-0.19510629773139954,0.0,0.0,0.8994369506835938,0.10056304931640625,894.5399780273438,71.56564331054688,0.0467035174369812
417,3.987302303314209,0.4510404169559479,0.08794476836919785,0.44538354873657227,-0.007178796920925379,-0.4658241868019104,-0.18982745707035065,0.0,0.0,0.897003173828125,0.102996826171875,899.510009765625,71.67882537841797,0.04674018546938896
418,4.23502779006958,0.4741414487361908,0.09321558475494385,0.4693250358104706,-0.007540845777839422,-0.49642086029052734,-0.19932377338409424,0.0,0.0,0.8958358764648438,0.10416412353515625,905.5599975585938,72.93490600585938,0.04667089506983757
419,4.130338191986084,0.46015095710754395,0.09058679640293121,0.45525801181793213,-0.007261110469698906,-0.47793081402778625,-0.19187068939208984,0.0,0.0,0.8950424194335938,0.10495758056640625,858.0399780273438,69.0198974609375,0.04668257758021355
420,4.313692569732666,0.48204976320266724,0.09503648430109024,0.47838014364242554,-0.007590418681502342,-0.5030560493469238,-0.2010430097579956,0.0,0.0,0.8944168090820312,0.10558319091796875,918.5999755859375,74.28874206542969,0.04660182073712349
421,4.2612762451171875,0.47736793756484985,0.09397304058074951,0.4698425531387329,-0.0076837558299303055,-0.5037276744842529,-0.20095618069171906,0.0,0.0,0.893829345703125,0.106170654296875,896.0999755859375,71.37078094482422,0.04660218209028244
422,4.118902206420898,0.4685751795768738,0.0918591096997261,0.46353787183761597,-0.007514202035963535,-0.493228018283844,-0.19581855833530426,0.0,0.0,0.8945770263671875,0.1054229736328125,899.8900146484375,71.40397644042969,0.046799927949905396
423,3.9673984050750732,0.45215457677841187,0.08823589980602264,0.4453622102737427,-0.007219322025775909,-0.4717945456504822,-0.18918588757514954,0.0,0.0,0.89202880859375,0.10797119140625,884.4600219726562,69.96382904052734,0.046810854226350784
424,4.142021179199219,0.46673583984375,0.09207013994455338,0.46329933404922485,-0.007432084064930677,-0.49077871441841125,-0.19481228291988373,0.0,0.0,0.8899002075195312,0.11009979248046875,919.780029296875,73.64047241210938,0.0468338206410408
425,4.175286293029785,0.4664638936519623,0.0919501781463623,0.461112380027771,-0.007399269379675388,-0.48654383420944214,-0.1947721540927887,0.0,0.0,0.8899612426757812,0.11003875732421875,884.8099975585938,71.14310455322266,0.04686371982097626
426,4.328580856323242,0.4841897487640381,0.09556363523006439,0.479529470205307,-0.007670712191611528,-0.5090724229812622,-0.2011503279209137,0.0,0.0,0.8895187377929688,0.11048126220703125,933.760009765625,74.66458129882812,0.046950846910476685
427,4.135257720947266,0.46023648977279663,0.09058794379234314,0.45630884170532227,-0.007278851233422756,-0.4774528741836548,-0.1927875280380249,0.0,0.0,0.888031005859375,0.111968994140625,884.3800048828125,71.15641021728516,0.04699621722102165
428,4.402162551879883,0.4924260973930359,0.097439706325531,0.48429614305496216,-0.007832898758351803,-0.5156168341636658,-0.20523440837860107,0.0,0.0,0.8879547119140625,0.1120452880859375,947.8400268554688,76.92063903808594,0.046931684017181396
429,4.121878623962402,0.4615269899368286,0.09044469892978668,0.4578399062156677,-0.0073324935510754585,-0.48038795590400696,-0.1938457489013672,0.0,0.0,0.8870620727539062,0.11293792724609375,868.3499755859375,69.84584045410156,0.04692123457789421
430,4.2913594245910645,0.4773704409599304,0.09414878487586975,0.47228407859802246,-0.007584554608911276,-0.4999493658542633,-0.20009145140647888,0.0,0.0,0.8867340087890625,0.1132659912109375,915.530029296875,73.8984146118164,0.046930793672800064
431,4.303694725036621,0.4794778823852539,0.09440922737121582,0.4748355746269226,-0.007615936920046806,-0.5001648664474487,-0.20058280229568481,0.0,0.0,0.8875274658203125,0.1124725341796875,916.1900024414062,73.90469360351562,0.046858228743076324
432,4.35936164855957,0.48288023471832275,0.0950564295053482,0.4765617847442627,-0.007680202834308147,-0.5023854374885559,-0.2029424011707306,0.0,0.0,0.8877944946289062,0.11220550537109375,928.77001953125,75.60552978515625,0.046869806945323944
433,4.236169815063477,0.47318220138549805,0.09331200271844864,0.4685250520706177,-0.007491160184144974,-0.4930819869041443,-0.19728706777095795,0.0,0.0,0.8885726928710938,0.11142730712890625,916.0,73.73619842529297,0.04687710478901863
434,4.270571708679199,0.47485435009002686,0.09351035952568054,0.4695143401622772,-0.007535971701145172,-0.4941697120666504,-0.19922876358032227,0.0,0.0,0.887786865234375,0.112213134765625,925.3099975585938,75.06340026855469,0.04688788950443268
435,4.229136943817139,0.4714338779449463,0.09293317794799805,0.46655288338661194,-0.0075522614642977715,-0.4939878582954407,-0.19806328415870667,0.0,0.0,0.887786865234375,0.112213134765625,881.9400024414062,70.94767761230469,0.04692082107067108
436,4.290122985839844,0.47190362215042114,0.09309748560190201,0.4672907590866089,-0.0075254919938743114,-0.4945063591003418,-0.19899386167526245,0.0,0.0,0.8883438110351562,0.11165618896484375,915.77001953125,75.41207122802734,0.046914491802453995
437,4.253387451171875,0.47380369901657104,0.09318163990974426,0.4676651060581207,-0.007562531158328056,-0.4926472306251526,-0.19903135299682617,0.0,0.0,0.8893280029296875,0.1106719970703125,910.8499755859375,72.84123992919922,0.04685994237661362
438,4.320123672485352,0.4851611852645874,0.09512406587600708,0.47956186532974243,-0.007721832953393459,-0.5046581029891968,-0.2036707103252411,0.0,0.0,0.8883209228515625,0.1116790771484375,941.3099975585938,75.93534851074219,0.04692316800355911
439,4.3131303787231445,0.4791901111602783,0.09466401487588882,0.4740842580795288,-0.007695904932916164,-0.5065912008285522,-0.20046758651733398,0.0,0.0,0.8880538940429688,0.11194610595703125,923.0399780273438,74.6402359008789,0.047098539769649506
440,4.2595109939575195,0.4758490324020386,0.09369227290153503,0.47125566005706787,-0.007547323126345873,-0.49338799715042114,-0.1998959630727768,0.0,0.0,0.8887252807617188,0.11127471923828125,896.3599853515625,71.8724365234375,0.04713932424783707
441,4.389510631561279,0.48682671785354614,0.09620533883571625,0.48174846172332764,-0.007749931886792183,-0.5089879631996155,-0.20433244109153748,0.0,0.0,0.889862060546875,0.110137939453125,926.3800048828125,74.37834167480469,0.04708137735724449
442,4.299034118652344,0.47837188839912415,0.09422305226325989,0.47441568970680237,-0.007633492350578308,-0.4977886378765106,-0.20092341303825378,0.0,0.0,0.8896560668945312,0.11034393310546875,917.3900146484375,74.54187774658203,0.047095686197280884
443,4.239541053771973,0.47492271661758423,0.09328295290470123,0.469631552696228,-0.0076278080232441425,-0.4953356981277466,-0.19973835349082947,0.0,0.0,0.8877639770507812,0.11223602294921875,926.5999755859375,74.74113464355469,0.04717620462179184
444,4.255352973937988,0.47497162222862244,0.09334298968315125,0.4701913297176361,-0.007608720101416111,-0.4966849684715271,-0.19942238926887512,0.0,0.0,0.8877792358398438,0.11222076416015625,927.8200073242188,74.97136688232422,0.04713761806488037
445,3.997544050216675,0.4534684121608734,0.08874726295471191,0.4444599747657776,-0.007339246571063995,-0.47358864545822144,-0.1926058530807495,0.0,0.0,0.8871536254882812,0.11284637451171875,873.469970703125,69.48450469970703,0.04735558480024338
446,4.214622974395752,0.46843987703323364,0.09212567657232285,0.4626305103302002,-0.007504936307668686,-0.4908545911312103,-0.1965104341506958,0.0,0.0,0.8870315551757812,0.11296844482421875,901.0900268554688,72.69419860839844,0.047392331063747406
447,4.211413860321045,0.47227534651756287,0.09266640245914459,0.46700823307037354,-0.00758049450814724,-0.49043673276901245,-0.19965682923793793,0.0,0.0,0.88836669921875,0.11163330078125,922.3599853515625,74.5790023803711,0.04728046804666519
448,4.2178497314453125,0.4678098261356354,0.0920509546995163,0.4625873565673828,-0.007534521631896496,-0.49042409658432007,-0.19685246050357819,0.0,0.0,0.8891830444335938,0.11081695556640625,902.8900146484375,73.19344329833984,0.0472864992916584
449,4.234226226806641,0.47085705399513245,0.09249375760555267,0.4671202600002289,-0.007500313688069582,-0.4898068308830261,-0.1980423778295517,0.0,0.0,0.8903427124023438,0.10965728759765625,892.469970703125,71.67928314208984,0.047283612191677094
450,4.260556221008301,0.47446781396865845,0.09352447092533112,0.4700179100036621,-0.007540188264101744,-0.49437713623046875,-0.19830474257469177,0.0,0.0,0.8911285400390625,0.1088714599609375,888.989990234375,71.635009765625,0.0472809337079525
451,4.263408660888672,0.4738333523273468,0.0934704914689064,0.46982747316360474,-0.007599560543894768,-0.49799996614456177,-0.1980520337820053,0.0,0.0,0.8899002075195312,0.11009979248046875,903.5499877929688,73.14877319335938,0.04734044149518013
452,4.125283241271973,0.461544394493103,0.09072084724903107,0.45577627420425415,-0.007461767643690109,-0.48611778020858765,-0.19405731558799744,0.0,0.0,0.8895492553710938,0.11045074462890625,885.02001953125,70.66539764404297,0.047299958765506744
453,4.251891136169434,0.47105252742767334,0.09299007058143616,0.46717679500579834,-0.007581154350191355,-0.49737825989723206,-0.1981552243232727,0.0,0.0,0.8894195556640625,0.1105804443359375,892.0900268554688,71.82905578613281,0.047278210520744324
454,4.101874828338623,0.4602585434913635,0.09047707915306091,0.4555380344390869,-0.007397091016173363,-0.47989609837532043,-0.1941310465335846,0.0,0.0,0.8899078369140625,0.1100921630859375,882.3599853515625,71.4771499633789,0.04718967527151108
455,4.236189842224121,0.47743910551071167,0.09398378431797028,0.46743565797805786,-0.0076834410429000854,-0.5001464486122131,-0.20183345675468445,0.0,0.0,0.8892745971679688,0.11072540283203125,921.6599731445312,73.8805923461914,0.04712384566664696
456,4.088159561157227,0.4593866169452667,0.09003604203462601,0.45366308093070984,-0.0074272966012358665,-0.4833877980709076,-0.19459033012390137,0.0,0.0,0.8891525268554688,0.11084747314453125,914.9500122070312,73.24737548828125,0.04722636938095093
457,4.30257511138916,0.4801355302333832,0.09467913955450058,0.475028932094574,-0.007734160870313644,-0.5066711902618408,-0.2012193202972412,0.0,0.0,0.8894882202148438,0.11051177978515625,926.1500244140625,73.90946197509766,0.04714076966047287
458,4.141764163970947,0.46600744128227234,0.09157128632068634,0.45937812328338623,-0.00752711808308959,-0.49176764488220215,-0.19560860097408295,0.0,0.0,0.8895645141601562,0.11043548583984375,912.469970703125,72.77043914794922,0.04703759029507637
459,4.1280012130737305,0.4619717001914978,0.09070762991905212,0.4551434814929962,-0.00748797319829464,-0.4859704375267029,-0.19530855119228363,0.0,0.0,0.8890762329101562,0.11092376708984375,901.6199951171875,72.75827026367188,0.04705948382616043
460,4.261044979095459,0.4762885570526123,0.09386853873729706,0.47047820687294006,-0.007629309315234423,-0.5004653930664062,-0.20015937089920044,0.0,0.0,0.8907089233398438,0.10929107666015625,916.530029296875,73.59896850585938,0.04708290100097656
461,4.12534236907959,0.46834415197372437,0.09238629043102264,0.461551308631897,-0.007578090764582157,-0.4966701567173004,-0.1959020048379898,0.0,0.0,0.891143798828125,0.108856201171875,903.989990234375,71.80474090576172,0.046997278928756714
462,4.27743673324585,0.47350847721099854,0.09348343312740326,0.4695187509059906,-0.007621783763170242,-0.5020089149475098,-0.19916313886642456,0.0,0.0,0.89056396484375,0.10943603515625,902.27001953125,73.42268371582031,0.04704654961824417
463,4.2401909828186035,0.472156822681427,0.09294027090072632,0.467136025428772,-0.007588396314531565,-0.49853605031967163,-0.1983216553926468,0.0,0.0,0.88885498046875,0.11114501953125,910.25,72.98983764648438,0.04707181453704834
464,4.310277938842773,0.4808676242828369,0.09455099701881409,0.474713534116745,-0.00775836082175374,-0.5046389102935791,-0.20285934209823608,0.0,0.0,0.8885879516601562,0.11141204833984375,933.1900024414062,75.03890228271484,0.04712638631463051
465,4.104235649108887,0.4612307548522949,0.090654656291008,0.4549667239189148,-0.007459389045834541,-0.4887627363204956,-0.19482113420963287,0.0,0.0,0.8878631591796875,0.1121368408203125,866.8200073242188,68.16835021972656,0.04703667014837265
466,4.191728591918945,0.4668383002281189,0.09166768193244934,0.46199166774749756,-0.007564343512058258,-0.49522507190704346,-0.19724062085151672,0.0,0.0,0.8865890502929688,0.11341094970703125,888.5499877929688,71.93209838867188,0.04709481820464134
467,4.377377033233643,0.48568132519721985,0.09598511457443237,0.48134708404541016,-0.00780718307942152,-0.5148983001708984,-0.2033545970916748,0.0,0.0,0.8869552612304688,0.11304473876953125,924.8300170898438,74.7670669555664,0.04719669371843338
468,4.191161155700684,0.46621406078338623,0.09186462312936783,0.46134835481643677,-0.00753733329474926,-0.49443912506103516,-0.19592422246932983,0.0,0.0,0.8870925903320312,0.11290740966796875,897.719970703125,72.84705352783203,0.047266989946365356
469,4.241535186767578,0.4716857075691223,0.09267114847898483,0.46661412715911865,-0.007592395879328251,-0.49634888768196106,-0.19732555747032166,0.0,0.0,0.8850936889648438,0.11490631103515625,895.77001953125,72.53411102294922,0.04726403206586838
470,4.239745140075684,0.47043728828430176,0.09263113141059875,0.46619486808776855,-0.007568731904029846,-0.49720656871795654,-0.19806024432182312,0.0,0.0,0.8839797973632812,0.11602020263671875,905.5,72.91400909423828,0.047123923897743225
471,4.333590984344482,0.4783966541290283,0.09429372102022171,0.4723933935165405,-0.007710224483162165,-0.5080846548080444,-0.20072896778583527,0.0,0.0,0.8825607299804688,0.11743927001953125,910.72998046875,73.51370239257812,0.0471411757171154
472,4.399014472961426,0.4881194829940796,0.09636568278074265,0.4817030429840088,-0.007886357605457306,-0.5190391540527344,-0.2046412229537964,0.0,0.0,0.8833465576171875,0.1166534423828125,939.9600219726562,76.23428344726562,0.04724671691656113
473,4.294746398925781,0.4799238443374634,0.09461940824985504,0.46834081411361694,-0.0076929982751607895,-0.5013365745544434,-0.2035113126039505,0.0,0.0,0.8862991333007812,0.11370086669921875,922.6300048828125,74.40115356445312,0.0473099946975708
474,4.2744140625,0.4765409231185913,0.094014972448349,0.47198742628097534,-0.007643901742994785,-0.5009888410568237,-0.19980677962303162,0.0,0.0,0.8864593505859375,0.1135406494140625,925.72998046875,74.613525390625,0.0474257692694664
475,4.252634048461914,0.4771736264228821,0.09396960586309433,0.47045886516571045,-0.007647458463907242,-0.5019122362136841,-0.19946244359016418,0.0,0.0,0.8868331909179688,0.11316680908203125,902.9000244140625,72.42768859863281,0.047455888241529465
476,4.285956382751465,0.48086655139923096,0.0942867174744606,0.47571367025375366,-0.00772471958771348,-0.5092498064041138,-0.2012476623058319,0.0,0.0,0.887603759765625,0.112396240234375,929.6500244140625,74.78254699707031,0.04741266369819641
477,4.251603126525879,0.471099317073822,0.09297086298465729,0.46783244609832764,-0.007495846599340439,-0.49747443199157715,-0.19602178037166595,0.0,0.0,0.8882980346679688,0.11170196533203125,888.3499755859375,71.95726013183594,0.047495655715465546
478,4.0284576416015625,0.45044389367103577,0.08757483959197998,0.44204580783843994,-0.007273422554135323,-0.46966421604156494,-0.19146643579006195,0.0,0.0,0.8869781494140625,0.1130218505859375,900.530029296875,72.56202697753906,0.047466062009334564
479,4.294315814971924,0.4767070710659027,0.09407352656126022,0.4704785943031311,-0.007615935988724232,-0.5009721517562866,-0.19991397857666016,0.0,0.0,0.887939453125,0.112060546875,924.0999755859375,74.71851348876953,0.04745083302259445
480,3.9888105392456055,0.4519530236721039,0.08845558017492294,0.4465674161911011,-0.007193130441009998,-0.4704788625240326,-0.18921160697937012,0.0,0.0,0.8885726928710938,0.11142730712890625,908.6799926757812,72.32062530517578,0.047512881457805634
481,4.186453342437744,0.46754932403564453,0.09234584122896194,0.46220526099205017,-0.0074103400111198425,-0.48917248845100403,-0.19413723051548004,0.0,0.0,0.8895645141601562,0.11043548583984375,894.9600219726562,72.0938720703125,0.04747223109006882
482,4.228359222412109,0.4710436761379242,0.09279893338680267,0.46603232622146606,-0.00754392659291625,-0.49541231989860535,-0.19793200492858887,0.0,0.0,0.888702392578125,0.111297607421875,924.9400024414062,74.63832092285156,0.04752233624458313
483,4.371420860290527,0.4852679967880249,0.09589093923568726,0.482105016708374,-0.007675776723772287,-0.5062223672866821,-0.20239344239234924,0.0,0.0,0.8891067504882812,0.11089324951171875,937.5800170898438,76.09585571289062,0.04743640124797821
484,4.316937446594238,0.4793965220451355,0.09437992423772812,0.47404348850250244,-0.007638401351869106,-0.5024319887161255,-0.2005864828824997,0.0,0.0,0.8900375366210938,0.10996246337890625,930.22998046875,75.36531066894531,0.047344960272312164
485,4.224482536315918,0.4722746014595032,0.09300693869590759,0.4673234224319458,-0.007460921071469784,-0.49147099256515503,-0.19735166430473328,0.0,0.0,0.8907241821289062,0.10927581787109375,913.0499877929688,73.26911926269531,0.0472247451543808
486,4.351243019104004,0.4844633936882019,0.09592177718877792,0.47927868366241455,-0.0076094819232821465,-0.5024615526199341,-0.20126810669898987,0.0,0.0,0.8910675048828125,0.1089324951171875,935.219970703125,75.39103698730469,0.047266632318496704
487,4.21035099029541,0.4648693799972534,0.09163680672645569,0.4615282416343689,-0.007327624596655369,-0.48370522260665894,-0.1938418447971344,0.0,0.0,0.89093017578125,0.10906982421875,873.780029296875,71.12751770019531,0.047234907746315
488,4.212039947509766,0.47123464941978455,0.09281603991985321,0.4655683636665344,-0.007485205307602882,-0.49077022075653076,-0.19683675467967987,0.0,0.0,0.8908157348632812,0.10918426513671875,900.3300170898438,72.91988372802734,0.04726962745189667
489,4.271307945251465,0.4745539724826813,0.0934024453163147,0.4696858525276184,-0.007544344756752253,-0.49656781554222107,-0.198318213224411,0.0,0.0,0.8908157348632812,0.10918426513671875,897.3699951171875,72.22633361816406,0.04728700965642929
490,4.2810444831848145,0.47677862644195557,0.09426821768283844,0.47228020429611206,-0.007459611631929874,-0.4919840097427368,-0.19813445210456848,0.0,0.0,0.8902969360351562,0.10970306396484375,910.3599853515625,73.2750244140625,0.047336410731077194
491,4.318184852600098,0.48434507846832275,0.09557555615901947,0.47961390018463135,-0.007660159841179848,-0.508500874042511,-0.19996723532676697,0.0,0.0,0.8907546997070312,0.10924530029296875,921.52001953125,73.93452453613281,0.047397106885910034
492,4.116755485534668,0.46354061365127563,0.09111925214529037,0.45462167263031006,-0.007331253029406071,-0.47727254033088684,-0.1963413506746292,0.0,0.0,0.8904800415039062,0.10951995849609375,890.9600219726562,71.9239273071289,0.04755760729312897
493,4.232089519500732,0.47699224948883057,0.09361483156681061,0.471879243850708,-0.007530773989856243,-0.4966588318347931,-0.1986694484949112,0.0,0.0,0.8905487060546875,0.1094512939453125,918.239990234375,73.88048553466797,0.047514092177152634
494,4.373164653778076,0.48317062854766846,0.0954485833644867,0.47794046998023987,-0.007586008869111538,-0.49852749705314636,-0.20144036412239075,0.0,0.0,0.8918304443359375,0.1081695556640625,929.2000122070312,75.55574035644531,0.04748848080635071
495,4.283053874969482,0.4760178327560425,0.09386050701141357,0.4717817008495331,-0.007434744853526354,-0.48953884840011597,-0.19890780746936798,0.0,0.0,0.8927459716796875,0.1072540283203125,934.239990234375,75.16162109375,0.04744512215256691
496,4.29191255569458,0.478119820356369,0.09442736208438873,0.4743112325668335,-0.007404130883514881,-0.4874911904335022,-0.19886229932308197,0.0,0.0,0.8952789306640625,0.1047210693359375,915.1599731445312,73.81395721435547,0.04733922332525253
497,4.338268756866455,0.4832616150379181,0.09512285888195038,0.4776822328567505,-0.00754231121391058,-0.4943620264530182,-0.20140579342842102,0.0,0.0,0.8959503173828125,0.1040496826171875,937.8800048828125,75.97021484375,0.047376781702041626
498,4.103998184204102,0.46172207593917847,0.09052958339452744,0.4550935626029968,-0.0072167133912444115,-0.46986737847328186,-0.1931556761264801,0.0,0.0,0.8961410522460938,0.10385894775390625,896.5700073242188,72.47757720947266,0.04731178656220436
499,4.194169044494629,0.4695549011230469,0.0925038605928421,0.46458354592323303,-0.007344748824834824,-0.4840124845504761,-0.1944158971309662,0.0,0.0,0.8964080810546875,0.1035919189453125,901.5499877929688,72.39606475830078,0.04732853174209595
500,4.174223899841309,0.47084516286849976,0.09256092458963394,0.4659947454929352,-0.007328999228775501,-0.4810837209224701,-0.19612595438957214,0.0,0.0,0.8968429565429688,0.10315704345703125,910.02001953125,72.63607025146484,0.047393798828125
501,4.124584674835205,0.46386241912841797,0.09120799601078033,0.45970186591148376,-0.00719025544822216,-0.4710988700389862,-0.19326958060264587,0.0,0.0,0.8970184326171875,0.1029815673828125,888.219970703125,71.15998840332031,0.047415703535079956
502,4.340670108795166,0.4845849275588989,0.09537628293037415,0.4769737124443054,-0.007596227806061506,-0.49539896845817566,-0.20191910862922668,0.0,0.0,0.8962936401367188,0.10370635986328125,921.739990234375,74.35470581054688,0.047506459057331085
503,4.175398826599121,0.46934765577316284,0.09230292588472366,0.46231839060783386,-0.007295840419828892,-0.4743539094924927,-0.19640959799289703,0.0,0.0,0.895538330078125,0.104461669921875,883.989990234375,70.73316192626953,0.04747743532061577
504,4.314388275146484,0.4836660921573639,0.09552370011806488,0.4803892970085144,-0.007483373396098614,-0.49143290519714355,-0.2011559009552002,0.0,0.0,0.8944931030273438,0.10550689697265625,924.6799926757812,74.33013153076172,0.04748804494738579
505,4.1794328689575195,0.4662615656852722,0.09212484955787659,0.46368086338043213,-0.007193821482360363,-0.4752114415168762,-0.19263064861297607,0.0,0.0,0.8944320678710938,0.10556793212890625,909.2899780273438,73.25428009033203,0.047499045729637146
506,4.312856674194336,0.48148083686828613,0.0950033962726593,0.47792309522628784,-0.007393605075776577,-0.4869963526725769,-0.1996770203113556,0.0,0.0,0.8965835571289062,0.10341644287109375,919.0399780273438,74.31669616699219,0.0475136823952198
507,4.2340898513793945,0.4748879075050354,0.09328937530517578,0.47051429748535156,-0.007331391796469688,-0.48145121335983276,-0.19669616222381592,0.0,0.0,0.8963546752929688,0.10364532470703125,913.9500122070312,73.64369201660156,0.04751494526863098
508,4.261109352111816,0.48108160495758057,0.09497112035751343,0.47572529315948486,-0.00738276494666934,-0.4849722385406494,-0.19790717959403992,0.0,0.0,0.896820068359375,0.103179931640625,920.989990234375,73.6257553100586,0.04752163589000702
509,4.362320899963379,0.4880213141441345,0.09646124392747879,0.48390325903892517,-0.007445444352924824,-0.48925188183784485,-0.20203185081481934,0.0,0.0,0.8982620239257812,0.10173797607421875,936.010009765625,75.02168273925781,0.04753616452217102
510,4.195450782775879,0.4772220551967621,0.09389805793762207,0.47285008430480957,-0.0073018306866288185,-0.48093438148498535,-0.19631139934062958,0.0,0.0,0.8989486694335938,0.10105133056640625,934.2000122070312,75.06275177001953,0.04753687605261803
511,4.274313926696777,0.48021984100341797,0.09487958252429962,0.4769805073738098,-0.007364689372479916,-0.485222190618515,-0.19819313287734985,0.0,0.0,0.8992156982421875,0.1007843017578125,933.8800048828125,74.8067855834961,0.0475877970457077
512,4.351924896240234,0.4861558675765991,0.09623211622238159,0.48302069306373596,-0.0074642011895775795,-0.4934024214744568,-0.2006128579378128,0.0,0.0,0.9008407592773438,0.09915924072265625,917.5999755859375,73.76846313476562,0.047656863927841187
513,4.130857467651367,0.46669816970825195,0.09183613955974579,0.45981061458587646,-0.007152042351663113,-0.46549564599990845,-0.19520309567451477,0.0,0.0,0.9010772705078125,0.0989227294921875,899.9299926757812,72.00032806396484,0.047758251428604126
514,4.269750595092773,0.48081332445144653,0.09494251757860184,0.4766707420349121,-0.007361770607531071,-0.4836670458316803,-0.19838431477546692,0.0,0.0,0.9013290405273438,0.09867095947265625,919.02001953125,73.61943817138672,0.047816403210163116
515,4.151994705200195,0.47240498661994934,0.09295311570167542,0.46437063813209534,-0.0072309947572648525,-0.47277775406837463,-0.19637557864189148,0.0,0.0,0.9020004272460938,0.09799957275390625,901.3699951171875,72.35206604003906,0.047858111560344696
516,4.241109848022461,0.47493696212768555,0.09406398236751556,0.47213101387023926,-0.007232495583593845,-0.476459801197052,-0.19603192806243896,0.0,0.0,0.902130126953125,0.097869873046875,919.4199829101562,74.10305786132812,0.047857269644737244
517,4.306821823120117,0.48827749490737915,0.09624560177326202,0.48192688822746277,-0.007450978737324476,-0.48758798837661743,-0.20138424634933472,0.0,0.0,0.90374755859375,0.09625244140625,942.4299926757812,75.07682800292969,0.04783859848976135
518,4.218518257141113,0.4728129506111145,0.09349647164344788,0.4696744680404663,-0.007205693982541561,-0.4745774567127228,-0.19509077072143555,0.0,0.0,0.9040679931640625,0.0959320068359375,915.3099975585938,74.18059539794922,0.047906193882226944
519,4.18547248840332,0.4738984704017639,0.09319296479225159,0.46904456615448,-0.007233764044940472,-0.4744907021522522,-0.1963859498500824,0.0,0.0,0.9053802490234375,0.0946197509765625,915.5900268554688,73.62845611572266,0.047769028693437576
520,4.301136493682861,0.4856071472167969,0.09590961784124374,0.480632483959198,-0.007335755508393049,-0.48150694370269775,-0.2006150335073471,0.0,0.0,0.9067611694335938,0.09323883056640625,913.8599853515625,73.23145294189453,0.04767383635044098
521,4.089172840118408,0.4618788957595825,0.09075778722763062,0.45709702372550964,-0.007117231376469135,-0.46574607491493225,-0.1919429749250412,0.0,0.0,0.9062042236328125,0.0937957763671875,878.8200073242188,70.21858215332031,0.0476994588971138
522,4.1665730476379395,0.47048085927963257,0.09287230670452118,0.4668419361114502,-0.007174698635935783,-0.474272221326828,-0.1937093734741211,0.0,0.0,0.9067459106445312,0.09325408935546875,884.3300170898438,70.72077941894531,0.04768209904432297
523,4.192831993103027,0.47861266136169434,0.09427845478057861,0.4747277498245239,-0.007266347296535969,-0.4777370095252991,-0.19717086851596832,0.0,0.0,0.9068450927734375,0.0931549072265625,919.75,73.447509765625,0.047709871083498
524,4.343262672424316,0.4865199625492096,0.09594620764255524,0.48246443271636963,-0.007359540089964867,-0.4846714437007904,-0.20068441331386566,0.0,0.0,0.906646728515625,0.093353271484375,938.6300048828125,75.87235260009766,0.04777847230434418
525,3.9947805404663086,0.45825934410095215,0.08996988832950592,0.45183277130126953,-0.007035002112388611,-0.45652681589126587,-0.18980197608470917,0.0,0.0,0.9068450927734375,0.0931549072265625,890.4299926757812,69.82072448730469,0.04766615852713585
526,4.311450958251953,0.4852820038795471,0.0960671454668045,0.4813488721847534,-0.007366733625531197,-0.4857720732688904,-0.19960832595825195,0.0,0.0,0.9071426391601562,0.09285736083984375,932.6400146484375,74.88105010986328,0.047603756189346313
527,4.352668762207031,0.48932746052742004,0.09655843675136566,0.4851818382740021,-0.007456219755113125,-0.49036556482315063,-0.20201680064201355,0.0,0.0,0.90740966796875,0.09259033203125,956.22998046875,76.9027099609375,0.04757927358150482
528,4.216262340545654,0.4782542586326599,0.09379705786705017,0.47207027673721313,-0.007266920059919357,-0.4755246639251709,-0.19773854315280914,0.0,0.0,0.9081039428710938,0.09189605712890625,922.3200073242188,74.05289459228516,0.04768501594662666
529,4.141815662384033,0.4680466949939728,0.09269677102565765,0.4646764397621155,-0.007044696714729071,-0.46697282791137695,-0.19193798303604126,0.0,0.0,0.9105072021484375,0.0894927978515625,917.0399780273438,73.41789245605469,0.04761233925819397
530,4.247845649719238,0.48041367530822754,0.09523624181747437,0.47691166400909424,-0.007211486808955669,-0.47668641805648804,-0.19669684767723083,0.0,0.0,0.9117202758789062,0.08827972412109375,938.2100219726562,75.51681518554688,0.04763460159301758
531,4.315319061279297,0.4849567413330078,0.09533506631851196,0.47855937480926514,-0.007408400997519493,-0.48307788372039795,-0.20123770833015442,0.0,0.0,0.9128952026367188,0.08710479736328125,933.8599853515625,75.07952117919922,0.047769684344530106
532,4.304771423339844,0.4817509055137634,0.09499744325876236,0.47751742601394653,-0.007372335530817509,-0.483942449092865,-0.1996033489704132,0.0,0.0,0.9141693115234375,0.0858306884765625,929.8599853515625,75.100341796875,0.047744378447532654
533,4.191932678222656,0.47137951850891113,0.09310851246118546,0.46700721979141235,-0.007147025316953659,-0.469801127910614,-0.19441577792167664,0.0,0.0,0.914276123046875,0.085723876953125,909.9600219726562,74.04940032958984,0.04790044575929642
534,4.048215866088867,0.4577341079711914,0.09003855288028717,0.45480892062187195,-0.006909011863172054,-0.45444735884666443,-0.18851353228092194,0.0,0.0,0.9128341674804688,0.08716583251953125,900.5399780273438,72.37789154052734,0.048000309616327286
535,4.232942581176758,0.4756186306476593,0.09416045993566513,0.47295626997947693,-0.007206468377262354,-0.475502610206604,-0.19543489813804626,0.0,0.0,0.9130020141601562,0.08699798583984375,897.1199951171875,71.37542724609375,0.048094138503074646
536,4.277883529663086,0.47851699590682983,0.09451402723789215,0.47469067573547363,-0.007267870008945465,-0.4788384437561035,-0.1971873641014099,0.0,0.0,0.91180419921875,0.08819580078125,916.5800170898438,73.65546417236328,0.048185355961322784
537,4.171243667602539,0.47277575731277466,0.09293685853481293,0.4684509038925171,-0.007202810607850552,-0.469047486782074,-0.19520173966884613,0.0,0.0,0.912384033203125,0.087615966796875,913.22998046875,73.11096954345703,0.04813486710190773
538,4.275639533996582,0.47927287220954895,0.09479600191116333,0.47289538383483887,-0.007252054288983345,-0.47836315631866455,-0.19847624003887177,0.0,0.0,0.9121246337890625,0.0878753662109375,929.0599975585938,74.67236328125,0.04809340089559555
539,4.288080215454102,0.48140400648117065,0.09526330232620239,0.47851166129112244,-0.007342050783336163,-0.4848567247390747,-0.198030024766922,0.0,0.0,0.911712646484375,0.088287353515625,922.02001953125,73.93475341796875,0.0481070950627327
540,4.290738105773926,0.48763346672058105,0.09632523357868195,0.48468974232673645,-0.007390172220766544,-0.4857627749443054,-0.20138026773929596,0.0,0.0,0.9117889404296875,0.0882110595703125,929.8699951171875,74.7519302368164,0.04814136028289795
541,4.242906093597412,0.4766871929168701,0.09436029195785522,0.47347292304039,-0.007242185994982719,-0.4800846576690674,-0.1959744542837143,0.0,0.0,0.9120941162109375,0.0879058837890625,919.3099975585938,73.7063217163086,0.04809820279479027
542,4.068690299987793,0.461487352848053,0.0907379537820816,0.4553442895412445,-0.007080087438225746,-0.4619206488132477,-0.19208374619483948,0.0,0.0,0.9110565185546875,0.0889434814453125,894.97998046875,71.66675567626953,0.048061832785606384
543,4.272565841674805,0.47877299785614014,0.09493871033191681,0.4753638505935669,-0.007235378958284855,-0.47753024101257324,-0.19666294753551483,0.0,0.0,0.9104385375976562,0.08956146240234375,894.8200073242188,72.056396484375,0.048112817108631134
544,4.220367908477783,0.4754053056240082,0.09372533857822418,0.4722003936767578,-0.007215037476271391,-0.47390928864479065,-0.1957818567752838,0.0,0.0,0.910491943359375,0.089508056640625,910.5399780273438,73.17716979980469,0.04804890602827072
545,4.282835483551025,0.48634740710258484,0.09587228298187256,0.4805028736591339,-0.0074594998732209206,-0.4872572422027588,-0.20102433860301971,0.0,0.0,0.9109420776367188,0.08905792236328125,936.77001953125,74.55243682861328,0.048077695071697235
546,4.272555351257324,0.48073655366897583,0.09496629238128662,0.4756760001182556,-0.007302928250283003,-0.47960710525512695,-0.1982077807188034,0.0,0.0,0.9129104614257812,0.08708953857421875,914.1400146484375,73.08522033691406,0.048200905323028564
547,4.129049777984619,0.4663379192352295,0.09168300777673721,0.46055883169174194,-0.007123601622879505,-0.463845819234848,-0.1932390034198761,0.0,0.0,0.9110488891601562,0.08895111083984375,868.5399780273438,69.17402648925781,0.04821304231882095
548,4.182088851928711,0.47226521372795105,0.09327910840511322,0.46855950355529785,-0.007148575037717819,-0.47000324726104736,-0.1945190280675888,0.0,0.0,0.9094467163085938,0.09055328369140625,928.2899780273438,75.06249237060547,0.0482194721698761
549,4.283786773681641,0.48185983300209045,0.09526487439870834,0.47876712679862976,-0.007324174977838993,-0.4828844368457794,-0.19878116250038147,0.0,0.0,0.9107284545898438,0.08927154541015625,912.469970703125,73.56707763671875,0.048255033791065216
550,4.197293758392334,0.4681743085384369,0.0925494134426117,0.46360519528388977,-0.007145224139094353,-0.46802157163619995,-0.19517120718955994,0.0,0.0,0.9101791381835938,0.08982086181640625,882.6599731445312,70.80728912353516,0.04830703139305115
551,4.054798603057861,0.4551643431186676,0.08951953053474426,0.4512940049171448,-0.006962636020034552,-0.4570019543170929,-0.18806883692741394,0.0,0.0,0.9077224731445312,0.09227752685546875,907.1799926757812,73.2828369140625,0.04839201271533966
552,4.309983253479004,0.4808969497680664,0.09510292112827301,0.47796696424484253,-0.007329247891902924,-0.4829442799091339,-0.19824948906898499,0.0,0.0,0.9077072143554688,0.09229278564453125,914.0999755859375,73.99430847167969,0.04855289310216904
553,4.2253193855285645,0.4736742675304413,0.09363853186368942,0.4707798957824707,-0.007254410069435835,-0.47896790504455566,-0.1956348717212677,0.0,0.0,0.9081344604492188,0.09186553955078125,885.5,71.25875854492188,0.048493072390556335
554,4.258769989013672,0.4788780212402344,0.09457656741142273,0.4759238362312317,-0.0072833155281841755,-0.48012739419937134,-0.19705303013324738,0.0,0.0,0.9070205688476562,0.09297943115234375,917.8200073242188,73.85215759277344,0.04853285849094391
555,4.275609970092773,0.480632483959198,0.09517712891101837,0.47771185636520386,-0.007305143401026726,-0.4821460247039795,-0.19629821181297302,0.0,0.0,0.9073486328125,0.0926513671875,926.02001953125,74.54396057128906,0.048532359302043915
556,4.306938171386719,0.4803675413131714,0.09475582838058472,0.4772823452949524,-0.007285686209797859,-0.47870194911956787,-0.19805625081062317,0.0,0.0,0.9073410034179688,0.09265899658203125,923.9199829101562,74.87661743164062,0.04861244186758995
557,4.228861331939697,0.47123605012893677,0.09302299469709396,0.4665224254131317,-0.007228790782392025,-0.47331124544143677,-0.19447000324726105,0.0,0.0,0.9061965942382812,0.09380340576171875,902.75,73.02006530761719,0.04863859340548515
558,4.296025276184082,0.4817006587982178,0.09523902088403702,0.4782286286354065,-0.007368217222392559,-0.48476409912109375,-0.19856154918670654,0.0,0.0,0.9058990478515625,0.0941009521484375,922.030029296875,74.7962646484375,0.04862343147397041
559,4.186806678771973,0.4690386652946472,0.09274672716856003,0.46494558453559875,-0.0072183432057499886,-0.473801851272583,-0.193806990981102,0.0,0.0,0.905914306640625,0.094085693359375,900.8599853515625,72.78019714355469,0.04861665144562721
560,4.402093887329102,0.49269771575927734,0.09772351384162903,0.4875646233558655,-0.007557463366538286,-0.49639892578125,-0.20416446030139923,0.0,0.0,0.9058914184570312,0.09410858154296875,944.97998046875,76.10509490966797,0.04855376109480858
561,4.201454162597656,0.4722779095172882,0.092902772128582,0.46640539169311523,-0.007307284511625767,-0.4770229756832123,-0.19577963650226593,0.0,0.0,0.905670166015625,0.094329833984375,915.1799926757812,73.78855895996094,0.0485399030148983
562,4.220638275146484,0.4737452268600464,0.09353653341531754,0.4685155749320984,-0.0072745149955153465,-0.4766952395439148,-0.19705618917942047,0.0,0.0,0.9050064086914062,0.09499359130859375,912.5700073242188,73.71231842041016,0.048551157116889954
563,4.1344804763793945,0.46877700090408325,0.09200975298881531,0.46227818727493286,-0.007302341982722282,-0.47532564401626587,-0.19500944018363953,0.0,0.0,0.9045257568359375,0.0954742431640625,901.969970703125,72.12580108642578,0.048458993434906006
564,4.266720294952393,0.47817397117614746,0.09404003620147705,0.4732787013053894,-0.007377858739346266,-0.4837016761302948,-0.1978929042816162,0.0,0.0,0.9053192138671875,0.0946807861328125,908.6099853515625,73.34432983398438,0.048553500324487686
565,4.473590850830078,0.4975382089614868,0.09863278269767761,0.4949796795845032,-0.007606174796819687,-0.5033572912216187,-0.20512014627456665,0.0,0.0,0.9067840576171875,0.0932159423828125,949.260009765625,77.12432098388672,0.04844929650425911
566,4.3102521896362305,0.4777839183807373,0.09447619318962097,0.47365596890449524,-0.007338170427829027,-0.48249340057373047,-0.19732578098773956,0.0,0.0,0.9084091186523438,0.09159088134765625,921.4299926757812,74.81510925292969,0.048531077802181244
567,4.251066207885742,0.47370946407318115,0.09337456524372101,0.47059446573257446,-0.007289852946996689,-0.4777385890483856,-0.1974060833454132,0.0,0.0,0.9080657958984375,0.0919342041015625,894.8300170898438,72.36743927001953,0.04852702096104622
568,4.19750452041626,0.46673262119293213,0.09188750386238098,0.4620703458786011,-0.007254560478031635,-0.474043071269989,-0.19308537244796753,0.0,0.0,0.9075241088867188,0.09247589111328125,878.1199951171875,70.56917572021484,0.04847155138850212
569,4.247180938720703,0.4738881289958954,0.09338949620723724,0.4690837264060974,-0.007318382151424885,-0.47964954376220703,-0.196212038397789,0.0,0.0,0.9051895141601562,0.09481048583984375,906.280029296875,73.23480987548828,0.04842964932322502
570,4.212621688842773,0.47040456533432007,0.09281882643699646,0.46565189957618713,-0.0072695002891123295,-0.4766457676887512,-0.19533869624137878,0.0,0.0,0.9038848876953125,0.0961151123046875,928.0999755859375,75.3978042602539,0.0483924075961113
571,4.292224407196045,0.4808957576751709,0.09504462778568268,0.4773464798927307,-0.007462973240762949,-0.4928652048110962,-0.19890981912612915,0.0,0.0,0.9042816162109375,0.0957183837890625,911.52001953125,73.54142761230469,0.04842754453420639
572,4.176219940185547,0.46798986196517944,0.09261512011289597,0.46346142888069153,-0.007279767654836178,-0.4795764684677124,-0.19465744495391846,0.0,0.0,0.9039535522460938,0.09604644775390625,917.0499877929688,74.22207641601562,0.0483839213848114
573,4.27181339263916,0.47730588912963867,0.09430445730686188,0.47365522384643555,-0.007427522912621498,-0.4871422052383423,-0.1977965384721756,0.0,0.0,0.90399169921875,0.09600830078125,916.2000122070312,74.03103637695312,0.048365481197834015
574,4.288060665130615,0.4827818274497986,0.09516430646181107,0.4785946011543274,-0.007457197178155184,-0.4890569746494293,-0.19928476214408875,0.0,0.0,0.904571533203125,0.095428466796875,929.719970703125,74.86505889892578,0.04825916141271591
575,4.179859161376953,0.4717355966567993,0.09295375645160675,0.4669087827205658,-0.0073389336466789246,-0.48048901557922363,-0.19536861777305603,0.0,0.0,0.904449462890625,0.095550537109375,912.3099975585938,73.24778747558594,0.04826683923602104
576,4.303275108337402,0.48064547777175903,0.0946161225438118,0.475466251373291,-0.007513959892094135,-0.4946872591972351,-0.19976872205734253,0.0,0.0,0.9034652709960938,0.09653472900390625,915.1699829101562,73.38255310058594,0.04811505973339081
577,4.247987747192383,0.4711008667945862,0.09302955865859985,0.46664172410964966,-0.007314457558095455,-0.48115283250808716,-0.19619300961494446,0.0,0.0,0.9038009643554688,0.09619903564453125,902.5499877929688,72.71482849121094,0.04826723039150238
578,4.223874092102051,0.4729056656360626,0.09308481961488724,0.46950146555900574,-0.007342148572206497,-0.48102742433547974,-0.19672448933124542,0.0,0.0,0.9040298461914062,0.09597015380859375,929.7999877929688,75.1894302368164,0.04833831638097763
579,4.293042182922363,0.4822641611099243,0.09530992805957794,0.4773418605327606,-0.00755646638572216,-0.4972158670425415,-0.19886191189289093,0.0,0.0,0.90338134765625,0.09661865234375,917.8099975585938,74.21412658691406,0.04835519567131996
580,4.204855442047119,0.46736088395118713,0.0920964926481247,0.46441829204559326,-0.0073000285774469376,-0.4802442193031311,-0.19431087374687195,0.0,0.0,0.9043045043945312,0.09569549560546875,922.8200073242188,74.94703674316406,0.04823794960975647
581,4.095583915710449,0.4605531096458435,0.09044012427330017,0.4558892548084259,-0.0071654352359473705,-0.46654248237609863,-0.19128072261810303,0.0,0.0,0.9052658081054688,0.09473419189453125,887.7000122070312,71.02693176269531,0.04832824319601059
582,4.286094665527344,0.48042625188827515,0.09482857584953308,0.47529900074005127,-0.007575024385005236,-0.4975156784057617,-0.19972214102745056,0.0,0.0,0.904266357421875,0.095733642578125,915.6199951171875,73.55475616455078,0.04838268831372261
583,4.0829176902771,0.46176186203956604,0.0908353179693222,0.4563637971878052,-0.007185880094766617,-0.47269293665885925,-0.19022086262702942,0.0,0.0,0.9049148559570312,0.09508514404296875,891.3099975585938,71.28802490234375,0.04839679226279259
584,4.195269584655762,0.4675900638103485,0.09196483343839645,0.46255677938461304,-0.007274096366018057,-0.4761126935482025,-0.19492648541927338,0.0,0.0,0.9050979614257812,0.09490203857421875,893.0800170898438,72.29036712646484,0.04823846369981766
585,4.2220869064331055,0.47566288709640503,0.09382971376180649,0.4712143540382385,-0.007436349522322416,-0.48751747608184814,-0.19722622632980347,0.0,0.0,0.9043655395507812,0.09563446044921875,914.3900146484375,73.37225341796875,0.048274796456098557
586,4.109091758728027,0.4621741771697998,0.09080775082111359,0.45480889081954956,-0.00718670105561614,-0.4675831198692322,-0.1923297792673111,0.0,0.0,0.9040145874023438,0.09598541259765625,895.1799926757812,71.24056243896484,0.048205919563770294
587,4.13095760345459,0.4655647873878479,0.09155517816543579,0.46066009998321533,-0.007277696393430233,-0.4743117094039917,-0.19451896846294403,0.0,0.0,0.9041900634765625,0.0958099365234375,892.219970703125,71.74446105957031,0.0482994019985199
588,4.372279167175293,0.48944681882858276,0.0969739630818367,0.48639601469039917,-0.00755670852959156,-0.498690128326416,-0.20093455910682678,0.0,0.0,0.9047622680664062,0.09523773193359375,930.77001953125,75.02730560302734,0.048353876918554306
589,4.155118942260742,0.4662231206893921,0.09177681803703308,0.46167242527008057,-0.007151920348405838,-0.47028061747550964,-0.1928710788488388,0.0,0.0,0.9032821655273438,0.09671783447265625,881.0599975585938,71.12535858154297,0.04840229079127312
590,4.197752952575684,0.4685274660587311,0.09221095591783524,0.4633623957633972,-0.007278143893927336,-0.47664886713027954,-0.19411873817443848,0.0,0.0,0.9014511108398438,0.09854888916015625,893.7100219726562,72.25743103027344,0.04831013083457947
591,4.348158359527588,0.486142098903656,0.09598276019096375,0.48205262422561646,-0.007506297901272774,-0.49329930543899536,-0.20148658752441406,0.0,0.0,0.9007797241210938,0.09922027587890625,936.739990234375,75.38528442382812,0.04833013564348221
592,4.2436370849609375,0.47455501556396484,0.0937766507267952,0.47056883573532104,-0.007305298000574112,-0.4806201457977295,-0.19574832916259766,0.0,0.0,0.9006118774414062,0.09938812255859375,898.989990234375,72.74864196777344,0.04840964823961258
593,4.249513149261475,0.47836726903915405,0.09416815638542175,0.4728282690048218,-0.007431085221469402,-0.48664581775665283,-0.19883251190185547,0.0,0.0,0.9001922607421875,0.0998077392578125,915.0700073242188,73.3458480834961,0.04836496710777283
594,4.3425188064575195,0.48524338006973267,0.09570780396461487,0.48080021142959595,-0.007487579248845577,-0.49032992124557495,-0.2017052173614502,0.0,0.0,0.9009780883789062,0.09902191162109375,928.9099731445312,75.13513946533203,0.04830140620470047
595,4.317281246185303,0.48704689741134644,0.09586845338344574,0.48211199045181274,-0.007492156699299812,-0.4919145703315735,-0.2016264945268631,0.0,0.0,0.90081787109375,0.09918212890625,929.3900146484375,74.24789428710938,0.04837512969970703
596,4.202671051025391,0.47314882278442383,0.0927693098783493,0.4668257534503937,-0.0073176417499780655,-0.47591841220855713,-0.1962246149778366,0.0,0.0,0.8988800048828125,0.1011199951171875,892.2000122070312,71.42123413085938,0.048399947583675385
597,4.257885932922363,0.48083439469337463,0.09437878429889679,0.4720408320426941,-0.007444239221513271,-0.4846816062927246,-0.2004552036523819,0.0,0.0,0.8961105346679688,0.10388946533203125,919.8699951171875,73.17543029785156,0.04840995371341705
598,4.272884368896484,0.4785860776901245,0.09420379996299744,0.47394126653671265,-0.007363340351730585,-0.4852599501609802,-0.1984350085258484,0.0,0.0,0.89605712890625,0.10394287109375,902.9400024414062,72.8031997680664,0.048354484140872955
599,4.282957077026367,0.4813808798789978,0.09510765969753265,0.47741058468818665,-0.007409007288515568,-0.4911136329174042,-0.1980934739112854,0.0,0.0,0.8972625732421875,0.1027374267578125,929.6400146484375,74.39669799804688,0.048390522599220276
