iteration,Episode_Reward/progress,Episode_Reward/alive,Episode_Reward/upright,Episode_Reward/move_to_target,Episode_Reward/action_l2,Episode_Reward/energy,Episode_Reward/joint_pos_limits,Episode_Reward/fall,Episode_Reward/clearance_risk,Episode_Reward/tilt_risk,Episode_Reward/action_rate,Episode_Reward/body_sway,Episode_Termination/time_out,Episode_Termination/torso_height,Train/mean_episode_length,Train/mean_reward,Policy/mean_noise_std
0,0.019201034680008888,0.00859142653644085,0.0016943359514698386,0.008593752048909664,-0.0001194103024317883,-0.007241423241794109,-0.0024843725841492414,-0.002790178405120969,-7.87539393058978e-05,-4.226738838042365e-06,-0.00016172591131180525,-0.0010863260831683874,0.018768310546875,0.00014495849609375,19.90999984741211,0.42283448576927185,0.04100986570119858
1,0.0825696587562561,0.025189341977238655,0.0043566604144871235,0.02339823730289936,-0.00043810580973513424,-0.020932968705892563,-0.010198221541941166,-0.0852864533662796,-0.0013877965975552797,-0.01043536514043808,-0.0004430736298672855,-0.005746017210185528,0.04845428466796875,0.001190185546875,54.45000076293945,0.08537071943283081,0.041108325123786926
2,0.2044895887374878,0.041872289031744,0.007654454093426466,0.04023156687617302,-0.0006820132257416844,-0.037720900028944016,-0.01677646115422249,-0.0657319501042366,-0.0015834500081837177,-0.010315640829503536,-0.0007646073936484754,-0.008133657276630402,0.08081817626953125,0.00634765625,87.06999969482422,2.9570090770721436,0.041201844811439514
3,0.3415389060974121,0.058061763644218445,0.011294061318039894,0.05743531137704849,-0.0008967618341557682,-0.05602132901549339,-0.02191321924328804,-0.0485026016831398,-0.0016808845102787018,-0.004357341211289167,-0.0010935644386336207,-0.010670693591237068,0.11464691162109375,0.0098876953125,116.43000030517578,5.674375057220459,0.041152797639369965
4,0.4982927441596985,0.07523900270462036,0.01476269867271185,0.07451383769512177,-0.001179837272502482,-0.07541126757860184,-0.02865687757730484,-0.02563934400677681,-0.002370936796069145,-0.002925105392932892,-0.001437608152627945,-0.015101701952517033,0.14939117431640625,0.0117034912109375,151.8800048828125,8.260446548461914,0.0411919467151165
5,0.6027243137359619,0.08909010887145996,0.01714075170457363,0.08684605360031128,-0.0014506899751722813,-0.08985728770494461,-0.03605806827545166,-0.1064453050494194,-0.003234307048842311,-0.009695081040263176,-0.0016887197270989418,-0.018800729885697365,0.184356689453125,0.0145416259765625,180.92999267578125,9.657877922058105,0.041239675134420395
6,0.7651394605636597,0.10733040422201157,0.021206162869930267,0.10628624260425568,-0.0017225835472345352,-0.11182576417922974,-0.0429520420730114,-0.074947290122509,-0.0038427580147981644,-0.002935345284640789,-0.0020858924835920334,-0.021099800243973732,0.2144622802734375,0.0189208984375,208.8800048828125,12.157368659973145,0.04145296663045883
7,0.8725836277008057,0.12159530818462372,0.02365737408399582,0.12007905542850494,-0.0019443008350208402,-0.1233820766210556,-0.049891162663698196,-0.0593145415186882,-0.004391134716570377,-0.008483941666781902,-0.0023005488328635693,-0.02449251338839531,0.24340057373046875,0.02220916748046875,241.35000610351562,14.863350868225098,0.041512250900268555
8,1.0294468402862549,0.1398947834968567,0.02718503028154373,0.13771168887615204,-0.002230689860880375,-0.14013294875621796,-0.0582515187561512,-0.0649336501955986,-0.004070699214935303,-0.009281374514102936,-0.002592981792986393,-0.02824576199054718,0.27619171142578125,0.02495574951171875,275.7900085449219,17.011144638061523,0.041569069027900696
9,1.1803958415985107,0.15749016404151917,0.030908210203051567,0.15541863441467285,-0.0025807232595980167,-0.1665056347846985,-0.06495212018489838,-0.0750325471162796,-0.0063864123076200485,-0.007388201542198658,-0.0030754157342016697,-0.032698504626750946,0.3115386962890625,0.028961181640625,304.44000244140625,18.981998443603516,0.04170173779129982
10,1.3143895864486694,0.17439602315425873,0.03369651734828949,0.1703282594680786,-0.0028069703839719296,-0.1793481707572937,-0.07327403128147125,-0.05206219106912613,-0.004817256238311529,-0.012278953567147255,-0.00327867129817605,-0.03746736794710159,0.34214019775390625,0.03267669677734375,340.3599853515625,21.726280212402344,0.041780322790145874
11,1.450547456741333,0.19035838544368744,0.03744158893823624,0.18826332688331604,-0.003114778082817793,-0.20154067873954773,-0.07891292870044708,-0.0490141361951828,-0.006016286555677652,-0.006226641591638327,-0.003672355320304632,-0.039986930787563324,0.37371063232421875,0.03580474853515625,371.239990234375,24.197769165039062,0.04181547835469246
12,1.579148530960083,0.20517677068710327,0.04009294509887695,0.20256578922271729,-0.0033330610021948814,-0.21359586715698242,-0.08616416156291962,-0.0567336231470108,-0.006021083798259497,-0.009124316275119781,-0.0039021435659378767,-0.04344248026609421,0.40795135498046875,0.038970947265625,395.2300109863281,25.661426544189453,0.0417785681784153
13,1.722438097000122,0.22312726080417633,0.0438019223511219,0.22080853581428528,-0.0035879735369235277,-0.2305304855108261,-0.09343231469392776,-0.05371938645839691,-0.006334422156214714,-0.005860702134668827,-0.004217751324176788,-0.045726463198661804,0.4415283203125,0.0421905517578125,429.3399963378906,28.128446578979492,0.04175126925110817
14,1.8318169116973877,0.23364003002643585,0.045739736407995224,0.23080715537071228,-0.0037243287079036236,-0.24112848937511444,-0.09804189205169678,-0.0397677943110466,-0.006377535872161388,-0.0075245629996061325,-0.004383079241961241,-0.04829077795147896,0.47391510009765625,0.04485321044921875,455.739990234375,30.516353607177734,0.0418042317032814
15,1.970106840133667,0.2502121329307556,0.04917474463582039,0.24764397740364075,-0.004047932103276253,-0.2603120803833008,-0.10593017190694809,-0.083426333963871,-0.00661409180611372,-0.01030372641980648,-0.00470532663166523,-0.052644032984972,0.5026168823242188,0.04778289794921875,487.57000732421875,32.60185241699219,0.041877128183841705
16,2.1038901805877686,0.26741093397140503,0.05246900022029877,0.2629854381084442,-0.004325312562286854,-0.27905410528182983,-0.11356525123119354,-0.0762726217508316,-0.00808347575366497,-0.01079462468624115,-0.005051308777183294,-0.056134261190891266,0.5327835083007812,0.05173492431640625,515.030029296875,34.25684356689453,0.04209465533494949
17,2.24509334564209,0.28329119086265564,0.055712830275297165,0.28000903129577637,-0.004541657865047455,-0.2947031259536743,-0.1198650598526001,-0.0640113428235054,-0.008130554109811783,-0.007186977192759514,-0.005315111018717289,-0.060579437762498856,0.5617828369140625,0.0556793212890625,549.5499877929688,36.828033447265625,0.042146749794483185
18,2.352308511734009,0.3002097010612488,0.058963265269994736,0.2963319420814514,-0.0048278262838721275,-0.3108507990837097,-0.1269739270210266,-0.0714983195066452,-0.008871892467141151,-0.01163358986377716,-0.005698196589946747,-0.06344528496265411,0.5896759033203125,0.0595703125,580.6599731445312,38.94020462036133,0.04228796064853668
19,2.435541868209839,0.3111070990562439,0.0609409473836422,0.30415013432502747,-0.00506330281496048,-0.32398903369903564,-0.1333780139684677,-0.0769624188542366,-0.01120065338909626,-0.010797545313835144,-0.0058646779507398605,-0.0655190497636795,0.6206436157226562,0.06259918212890625,602.6799926757812,39.82582473754883,0.04245200380682945
20,2.6471009254455566,0.33101049065589905,0.06535106897354126,0.328952431678772,-0.005325107369571924,-0.3476611375808716,-0.14016377925872803,-0.0419921800494194,-0.0083487369120121,-0.005857317242771387,-0.006280604284256697,-0.06909613311290741,0.6498489379882812,0.06545257568359375,641.4400024414062,44.02450180053711,0.04256938397884369
21,2.680595874786377,0.33568868041038513,0.06598496437072754,0.33139413595199585,-0.005404516123235226,-0.3478807806968689,-0.14309358596801758,-0.08590790629386902,-0.008781607262790203,-0.01118855457752943,-0.00633161049336195,-0.06980245560407639,0.67559814453125,0.06903839111328125,643.5700073242188,43.66704177856445,0.04264345020055771
22,2.77964448928833,0.35131096839904785,0.06875482201576233,0.34521710872650146,-0.005694031715393066,-0.36672186851501465,-0.15052548050880432,-0.0773421972990036,-0.010304606519639492,-0.012542275711894035,-0.006617502309381962,-0.07292204350233078,0.7000198364257812,0.073272705078125,676.02001953125,45.393863677978516,0.04275568947196007
23,3.005571126937866,0.3755701780319214,0.07354505360126495,0.37099528312683105,-0.00615460891276598,-0.396807998418808,-0.1605367809534073,-0.0822405070066452,-0.012067774310708046,-0.016437284648418427,-0.007176144048571587,-0.08104339241981506,0.7286605834960938,0.07747650146484375,717.1699829101562,48.569881439208984,0.042788151651620865
24,3.174583673477173,0.39462125301361084,0.07757283747196198,0.3909136652946472,-0.0063515170477330685,-0.4114159345626831,-0.16803404688835144,-0.0509905070066452,-0.009199678897857666,-0.008599471300840378,-0.007404961157590151,-0.08238273859024048,0.7548904418945312,0.08123779296875,760.5599975585938,52.57529067993164,0.042779356241226196
25,3.218172550201416,0.4015468955039978,0.0789247378706932,0.3964042067527771,-0.006493384018540382,-0.41889286041259766,-0.17183396220207214,-0.0823567658662796,-0.010952968150377274,-0.012154070660471916,-0.00759259145706892,-0.08474527299404144,0.781890869140625,0.084869384765625,772.5,52.72106170654297,0.04291742295026779
26,3.357107639312744,0.4186704754829407,0.08223092555999756,0.41316118836402893,-0.006726433988660574,-0.43154358863830566,-0.17860783636569977,-0.0855654627084732,-0.011618990451097488,-0.01294031459838152,-0.007815173827111721,-0.08898474276065826,0.8049392700195312,0.08980560302734375,801.97998046875,54.216346740722656,0.043016597628593445
27,3.4997878074645996,0.43292897939682007,0.08552519977092743,0.4284379482269287,-0.006960978731513023,-0.45231422781944275,-0.18467506766319275,-0.064763143658638,-0.013614853844046593,-0.005898454692214727,-0.008161353878676891,-0.09070149809122086,0.8324432373046875,0.09432220458984375,834.5999755859375,58.46262741088867,0.04313156381249428
28,3.6827340126037598,0.4526624083518982,0.08957017213106155,0.4492250680923462,-0.007329653017222881,-0.4764973521232605,-0.19315829873085022,-0.0578496940433979,-0.012564131058752537,-0.005444956012070179,-0.008605015464127064,-0.094384104013443,0.8605880737304688,0.0970611572265625,879.5999755859375,61.9196891784668,0.04323358088731766
29,3.774186611175537,0.4664122760295868,0.09204629063606262,0.46329522132873535,-0.007478203624486923,-0.48634636402130127,-0.1994170844554901,-0.06881735473871231,-0.012497857213020325,-0.007093364372849464,-0.008767444640398026,-0.09769676625728607,0.885589599609375,0.0999908447265625,897.3300170898438,62.68978500366211,0.04335978999733925
30,3.8603086471557617,0.4791918992996216,0.09446340799331665,0.47443026304244995,-0.007709500379860401,-0.5009735822677612,-0.20479820668697357,-0.062825508415699,-0.012388581410050392,-0.010135659016668797,-0.009074083529412746,-0.10252097249031067,0.8977737426757812,0.10222625732421875,914.5599975585938,63.978885650634766,0.04342859983444214
31,3.864223003387451,0.4795660972595215,0.09433858096599579,0.47433143854141235,-0.007822521030902863,-0.503353476524353,-0.20579098165035248,-0.0537109337747097,-0.015332980081439018,-0.011993905529379845,-0.009081493131816387,-0.10279349237680435,0.8953094482421875,0.1046905517578125,918.2899780273438,63.72471618652344,0.04345410317182541
32,3.878763198852539,0.47770822048187256,0.094101682305336,0.473349392414093,-0.007698299363255501,-0.4980476498603821,-0.2053777575492859,-0.0670650452375412,-0.012482913210988045,-0.009509934112429619,-0.008976352401077747,-0.1001269519329071,0.8962860107421875,0.1037139892578125,911.6599731445312,63.60887145996094,0.04369967430830002
33,3.833505868911743,0.4760512411594391,0.09354043006896973,0.46842461824417114,-0.007729551754891872,-0.49862873554229736,-0.20395654439926147,-0.0542224645614624,-0.013651881366968155,-0.010795032605528831,-0.009077262133359909,-0.10174014419317245,0.8952407836914062,0.10475921630859375,909.4299926757812,63.18360900878906,0.043858692049980164
34,3.738966941833496,0.46434375643730164,0.09140260517597198,0.4591282606124878,-0.007533690892159939,-0.48725175857543945,-0.1987456977367401,-0.0932617112994194,-0.015030298382043839,-0.010848439298570156,-0.008829420432448387,-0.0989624559879303,0.8932647705078125,0.1067352294921875,917.8499755859375,63.94231414794922,0.04391622543334961
35,3.8305301666259766,0.4771883189678192,0.09401720017194748,0.47278428077697754,-0.007709268480539322,-0.499524861574173,-0.203705832362175,-0.0553617924451828,-0.01353901345282793,-0.006566549651324749,-0.009049849584698677,-0.0998578742146492,0.8928375244140625,0.1071624755859375,906.219970703125,62.96074676513672,0.043959639966487885
36,3.8495850563049316,0.47931432723999023,0.09442135691642761,0.4719920754432678,-0.007769229356199503,-0.5004585981369019,-0.20620179176330566,-0.0595703125,-0.013710808008909225,-0.0082330834120512,-0.009017769247293472,-0.10138165950775146,0.8936309814453125,0.1063690185546875,915.5700073242188,63.442012786865234,0.04404206573963165
37,3.883096933364868,0.47984158992767334,0.0946647897362709,0.47568684816360474,-0.007774650119245052,-0.5031037330627441,-0.20560325682163239,-0.0587797611951828,-0.012575788423418999,-0.006325873546302319,-0.009054412133991718,-0.10091231763362885,0.8942489624023438,0.10575103759765625,917.5399780273438,64.16397857666016,0.04422741383314133
38,3.9617300033569336,0.4875698387622833,0.09637263417243958,0.4821292459964752,-0.007890152744948864,-0.5124757289886475,-0.2089918553829193,-0.0385974645614624,-0.012622088193893433,-0.006745664868503809,-0.009218515828251839,-0.10191793739795685,0.8945083618164062,0.10549163818359375,931.4000244140625,65.06494140625,0.04420410096645355
39,3.7717747688293457,0.47385507822036743,0.09300807118415833,0.46010661125183105,-0.007751261815428734,-0.49555671215057373,-0.20531442761421204,-0.0743117481470108,-0.018002435564994812,-0.013369353488087654,-0.009003015235066414,-0.10219712555408478,0.8951416015625,0.1048583984375,916.27001953125,62.748435974121094,0.044260792434215546
40,3.8914475440979004,0.47651734948158264,0.09415362030267715,0.47332966327667236,-0.007650371175259352,-0.49771103262901306,-0.2028590440750122,-0.0608723908662796,-0.011308958753943443,-0.007467541843652725,-0.008981134742498398,-0.09884608536958694,0.8949813842773438,0.10501861572265625,921.2999877929688,65.6574935913086,0.04440182074904442
41,3.7990548610687256,0.47089505195617676,0.09285156428813934,0.4667120575904846,-0.007579149212688208,-0.4904091954231262,-0.2011827975511551,-0.08125689625740051,-0.01372230052947998,-0.008601406589150429,-0.008885454386472702,-0.0990370362997055,0.8951263427734375,0.1048736572265625,912.0,63.25458908081055,0.04433523118495941
42,3.872145175933838,0.4787932336330414,0.09443043917417526,0.47380900382995605,-0.007748731877654791,-0.5011733770370483,-0.20463275909423828,-0.0508277490735054,-0.01339871995151043,-0.009888339787721634,-0.009088324382901192,-0.10125435888767242,0.8941421508789062,0.10585784912109375,917.27001953125,63.93277359008789,0.04437561333179474
43,3.958575963973999,0.4879281520843506,0.09647767245769501,0.48453593254089355,-0.007805651985108852,-0.5068008899688721,-0.208343967795372,-0.0311414897441864,-0.013066846877336502,-0.005299887619912624,-0.009138841181993484,-0.10119122266769409,0.8947601318359375,0.1052398681640625,936.4299926757812,66.67788696289062,0.04452984780073166
44,3.789609909057617,0.4691375494003296,0.09212866425514221,0.46362999081611633,-0.0075429948046803474,-0.48717254400253296,-0.20108318328857422,-0.0696847066283226,-0.01229921169579029,-0.010897651314735413,-0.008798142895102501,-0.09845718741416931,0.895263671875,0.104736328125,915.4600219726562,63.746482849121094,0.04464920237660408
45,3.7381701469421387,0.46392756700515747,0.0914006233215332,0.45873481035232544,-0.007545896805822849,-0.4844433665275574,-0.19910165667533875,-0.0796130895614624,-0.01329401321709156,-0.012384498491883278,-0.008782697841525078,-0.0977952629327774,0.8946990966796875,0.1053009033203125,920.219970703125,64.5935287475586,0.04448936879634857
46,3.9354748725891113,0.485836386680603,0.09575885534286499,0.482865571975708,-0.007779315114021301,-0.5029817819595337,-0.20674163103103638,-0.0496729239821434,-0.012234222143888474,-0.0076427459716796875,-0.009128828532993793,-0.10068625956773758,0.895599365234375,0.104400634765625,913.989990234375,63.65605926513672,0.044515132904052734
47,3.7557504177093506,0.4654878079891205,0.09144246578216553,0.459658682346344,-0.007516086101531982,-0.48381370306015015,-0.19937697052955627,-0.0910063162446022,-0.013416845351457596,-0.014530799351632595,-0.008766120299696922,-0.09892775118350983,0.8960494995117188,0.10395050048828125,892.25,61.96612548828125,0.044529277831315994
48,3.843609094619751,0.473215788602829,0.09337498247623444,0.46853429079055786,-0.007559121586382389,-0.4877582788467407,-0.20322531461715698,-0.0703125,-0.013410715386271477,-0.009607486426830292,-0.008851815015077591,-0.09824462980031967,0.8973541259765625,0.1026458740234375,908.2999877929688,63.5965461730957,0.04458017274737358
49,3.905679702758789,0.4806337058544159,0.0949171781539917,0.476267009973526,-0.0077073825523257256,-0.49929043650627136,-0.2053092122077942,-0.04767611622810364,-0.01454283855855465,-0.00891578197479248,-0.009024801664054394,-0.09946493059396744,0.8979873657226562,0.10201263427734375,914.0599975585938,63.765663146972656,0.04458530992269516
50,3.678703784942627,0.4546170234680176,0.08958132565021515,0.44677871465682983,-0.007285133935511112,-0.4676191508769989,-0.19444714486598969,-0.0988188162446022,-0.012268351390957832,-0.01108960434794426,-0.008525317534804344,-0.09465079754590988,0.8972702026367188,0.10272979736328125,886.8900146484375,61.38395309448242,0.044539712369441986
51,3.7205278873443604,0.457204669713974,0.09000124037265778,0.4537270963191986,-0.007239620666950941,-0.4679822027683258,-0.19442932307720184,-0.116048164665699,-0.012409698218107224,-0.010983619838953018,-0.008491849526762962,-0.0950329452753067,0.8974990844726562,0.10250091552734375,896.5,62.737632751464844,0.04485321789979935
52,3.8418290615081787,0.4765901267528534,0.09408245980739594,0.471713662147522,-0.00761288870126009,-0.4916723370552063,-0.20315822958946228,-0.063825324177742,-0.012786184437572956,-0.007783629931509495,-0.008929301053285599,-0.09823835641145706,0.8981475830078125,0.1018524169921875,910.1199951171875,63.4503059387207,0.04488074406981468
53,3.7472357749938965,0.4645405113697052,0.09132097661495209,0.45906442403793335,-0.007380543742328882,-0.4751933217048645,-0.19816869497299194,-0.0964006632566452,-0.012473693117499352,-0.013057945296168327,-0.008604530245065689,-0.09747688472270966,0.8979339599609375,0.1020660400390625,886.0700073242188,61.18379592895508,0.04498113691806793
54,3.769343376159668,0.46386218070983887,0.09156331419944763,0.4590725302696228,-0.007407044991850853,-0.4762597978115082,-0.19873985648155212,-0.0768694132566452,-0.012257413938641548,-0.010104604065418243,-0.008655957877635956,-0.09599694609642029,0.8976669311523438,0.10233306884765625,935.7999877929688,66.42931365966797,0.04497412592172623
55,3.8984246253967285,0.48010385036468506,0.09466010332107544,0.4747924208641052,-0.007735273335129023,-0.49949347972869873,-0.20559561252593994,-0.0441313199698925,-0.01353418081998825,-0.010744955390691757,-0.009066097438335419,-0.10129204392433167,0.8980865478515625,0.1019134521484375,930.7899780273438,65.76373291015625,0.04494648799300194
56,3.988568067550659,0.49013471603393555,0.09706331789493561,0.48708850145339966,-0.007730680052191019,-0.5027641654014587,-0.2084563970565796,-0.025986216962337494,-0.011542890220880508,-0.003539157100021839,-0.00909603014588356,-0.1002148985862732,0.9006881713867188,0.09931182861328125,932.8800048828125,66.18958282470703,0.04501301050186157
57,3.897031307220459,0.4833196997642517,0.09545484185218811,0.4789885878562927,-0.007629371713846922,-0.49478673934936523,-0.20384162664413452,-0.0512927807867527,-0.012163437902927399,-0.0052230628207325935,-0.009030915796756744,-0.10092906653881073,0.9027786254882812,0.09722137451171875,922.260009765625,64.2027359008789,0.04515230655670166
58,3.8650565147399902,0.47695785760879517,0.09429202228784561,0.47279617190361023,-0.007607700303196907,-0.49192240834236145,-0.2022680938243866,-0.0538736917078495,-0.014279883354902267,-0.007933495566248894,-0.008950123563408852,-0.09836418181657791,0.903167724609375,0.096832275390625,907.1599731445312,63.62461471557617,0.04538615047931671
59,3.79732084274292,0.47243720293045044,0.09334321320056915,0.4684455096721649,-0.007503523491322994,-0.4853047728538513,-0.20030595362186432,-0.0707155242562294,-0.014012601226568222,-0.008746420964598656,-0.00884909275919199,-0.09761860966682434,0.903594970703125,0.096405029296875,892.1199951171875,61.396812438964844,0.04541171342134476
60,3.8380544185638428,0.47422531247138977,0.09347621351480484,0.4705355763435364,-0.00754582230001688,-0.490591436624527,-0.20162051916122437,-0.0654761865735054,-0.013443398289382458,-0.009183518588542938,-0.00890861265361309,-0.09894654154777527,0.9013519287109375,0.0986480712890625,892.5700073242188,62.132835388183594,0.04542183876037598
61,3.8841681480407715,0.4769195318222046,0.09428457170724869,0.4735316038131714,-0.007593887392431498,-0.488589346408844,-0.2034759670495987,-0.0669487789273262,-0.01363762654364109,-0.008343318477272987,-0.008921144530177116,-0.09774968028068542,0.9004364013671875,0.0995635986328125,904.2899780273438,63.553428649902344,0.04547513276338577
62,3.8781421184539795,0.47962161898612976,0.09443490207195282,0.4752148389816284,-0.007608647458255291,-0.48930519819259644,-0.20530608296394348,-0.068801149725914,-0.012808224186301231,-0.009495027363300323,-0.008878886699676514,-0.09850376844406128,0.9007339477539062,0.09926605224609375,912.4000244140625,63.661685943603516,0.045618943870067596
63,3.7952656745910645,0.47023487091064453,0.09280028194189072,0.46377378702163696,-0.0075011588633060455,-0.4817522168159485,-0.20044547319412231,-0.0739862322807312,-0.013567155227065086,-0.009335421957075596,-0.008764060214161873,-0.0984279066324234,0.9007415771484375,0.0992584228515625,886.4500122070312,61.25328063964844,0.04580945149064064
64,3.8650732040405273,0.47837069630622864,0.09444594383239746,0.4742245078086853,-0.0075967516750097275,-0.48790085315704346,-0.2039281129837036,-0.0429919995367527,-0.013323815539479256,-0.008156516589224339,-0.00891045667231083,-0.09865748882293701,0.9011383056640625,0.0988616943359375,937.9400024414062,66.71717071533203,0.045955076813697815
65,3.676950454711914,0.4611407518386841,0.09032225608825684,0.45318272709846497,-0.00733919907361269,-0.46726158261299133,-0.1971404254436493,-0.0854259580373764,-0.013818914070725441,-0.014094561338424683,-0.008533982560038567,-0.09675396233797073,0.901611328125,0.098388671875,874.25,59.72544860839844,0.046067796647548676
66,3.765446186065674,0.46863582730293274,0.09226979315280914,0.4654398560523987,-0.0073853968642652035,-0.4746602177619934,-0.19941207766532898,-0.0790705531835556,-0.013056034222245216,-0.008947353810071945,-0.00865926779806614,-0.0959668681025505,0.9007720947265625,0.0992279052734375,885.6300048828125,61.10075759887695,0.046184904873371124
67,3.7904696464538574,0.46694397926330566,0.09182792901992798,0.4617108106613159,-0.0074056461453437805,-0.47584277391433716,-0.19968290627002716,-0.0771716833114624,-0.012462509796023369,-0.011768290773034096,-0.00864911638200283,-0.09684664011001587,0.8995208740234375,0.1004791259765625,913.5499877929688,64.453125,0.04623953998088837
68,3.882221221923828,0.48021578788757324,0.09502790868282318,0.47648707032203674,-0.007587329484522343,-0.48974546790122986,-0.20401296019554138,-0.0469525009393692,-0.013284742832183838,-0.005705929361283779,-0.008916269987821579,-0.0977473109960556,0.8988723754882812,0.10112762451171875,921.77001953125,65.36470794677734,0.0464809387922287
69,3.9037747383117676,0.4839491844177246,0.09569403529167175,0.48031532764434814,-0.007640325464308262,-0.494870662689209,-0.205055370926857,-0.046805240213871,-0.01446315087378025,-0.007628953084349632,-0.009017271921038628,-0.0999612882733345,0.900146484375,0.099853515625,925.5800170898438,64.91867065429688,0.046600036323070526
70,3.751513719558716,0.46238070726394653,0.09076950699090958,0.457308828830719,-0.007358399219810963,-0.4736284613609314,-0.1980515718460083,-0.094098761677742,-0.014177258126437664,-0.011724803596735,-0.00859309732913971,-0.09549227356910706,0.900054931640625,0.099945068359375,893.760009765625,62.43778610229492,0.046658992767333984
71,3.8012022972106934,0.47245579957962036,0.09329606592655182,0.46826037764549255,-0.007442092522978783,-0.4787885546684265,-0.20013359189033508,-0.0688941478729248,-0.013800187036395073,-0.007507658563554287,-0.008723822422325611,-0.09719190746545792,0.8997802734375,0.1002197265625,923.22998046875,64.41338348388672,0.04670637100934982
72,3.8906984329223633,0.478939414024353,0.09461262822151184,0.47376757860183716,-0.00758524052798748,-0.4871857166290283,-0.20513056218624115,-0.0578031912446022,-0.01335200946778059,-0.007321043871343136,-0.008900273591279984,-0.09799368679523468,0.9009323120117188,0.09906768798828125,907.3300170898438,63.03879165649414,0.04678969830274582
73,3.764741897583008,0.46639353036880493,0.09172800183296204,0.4600578546524048,-0.0073372842743992805,-0.47041624784469604,-0.19957061111927032,-0.0623372346162796,-0.013448003679513931,-0.01293540932238102,-0.008555465377867222,-0.09574909508228302,0.89984130859375,0.10015869140625,910.6400146484375,63.79644012451172,0.04710027948021889
74,3.804063320159912,0.46996834874153137,0.09249138832092285,0.4642999768257141,-0.007407812401652336,-0.47679173946380615,-0.20096053183078766,-0.05929546803236008,-0.012425489723682404,-0.011560481041669846,-0.008675644174218178,-0.0970325767993927,0.8994293212890625,0.1005706787109375,897.280029296875,63.101226806640625,0.04702926427125931
75,3.8925862312316895,0.4783666133880615,0.09424566477537155,0.47427898645401,-0.007507537491619587,-0.4858081340789795,-0.20362871885299683,-0.0617559477686882,-0.012780813500285149,-0.009782170876860619,-0.008834737353026867,-0.0996195375919342,0.899169921875,0.100830078125,915.6500244140625,64.38733673095703,0.04701140522956848
76,3.9040474891662598,0.4807795286178589,0.09512113034725189,0.47558337450027466,-0.007615818176418543,-0.48958754539489746,-0.20550602674484253,-0.0392717607319355,-0.013326330110430717,-0.005935252644121647,-0.008933124132454395,-0.09777490049600601,0.8989791870117188,0.10102081298828125,925.969970703125,65.0770492553711,0.04712706804275513
77,3.843003749847412,0.47599953413009644,0.09376849234104156,0.47120070457458496,-0.007460284046828747,-0.47841209173202515,-0.2031325250864029,-0.0613839253783226,-0.013576199300587177,-0.008974336087703705,-0.008724557235836983,-0.09693683683872223,0.899688720703125,0.100311279296875,914.2899780273438,64.2878189086914,0.04727879911661148
78,3.874619483947754,0.4779297709465027,0.09436430782079697,0.4731963574886322,-0.007500828243792057,-0.48451298475265503,-0.20264431834220886,-0.0495256632566452,-0.014667068608105183,-0.010035591199994087,-0.008852455765008926,-0.09815020859241486,0.90087890625,0.09912109375,918.1099853515625,64.44523620605469,0.04730840027332306
79,3.764819622039795,0.47037070989608765,0.09211251139640808,0.4638431668281555,-0.007433115504682064,-0.47369617223739624,-0.20092055201530457,-0.107793889939785,-0.012939314357936382,-0.01840381883084774,-0.008727806620299816,-0.0977143943309784,0.90032958984375,0.09967041015625,905.1500244140625,62.628204345703125,0.047332823276519775
80,3.7669575214385986,0.4674064517021179,0.09204649180173874,0.4613131880760193,-0.007319713942706585,-0.47124189138412476,-0.1979077011346817,-0.0721726194024086,-0.011711351573467255,-0.010264702141284943,-0.008596647530794144,-0.09545911848545074,0.8996429443359375,0.1003570556640625,908.1500244140625,63.06721496582031,0.047473132610321045
81,3.8663718700408936,0.4736655056476593,0.09341210126876831,0.4680173099040985,-0.007383250631392002,-0.4760853052139282,-0.20245744287967682,-0.07864497601985931,-0.012288014404475689,-0.008906971663236618,-0.008609172888100147,-0.09734034538269043,0.9006118774414062,0.09938812255859375,897.6199951171875,63.49302673339844,0.04762837290763855
82,3.8703742027282715,0.47661513090133667,0.09421899914741516,0.47375184297561646,-0.0074324775487184525,-0.4798162877559662,-0.20191581547260284,-0.0633137971162796,-0.012498061172664165,-0.005836745724081993,-0.00877363234758377,-0.09726818650960922,0.9000015258789062,0.09999847412109375,918.9299926757812,64.79315185546875,0.04775983840227127
83,3.8643336296081543,0.47769320011138916,0.09384934604167938,0.4738468527793884,-0.007512081414461136,-0.4833363890647888,-0.20315636694431305,-0.0739397257566452,-0.013002278283238411,-0.010691243223845959,-0.008809244260191917,-0.09760425239801407,0.9000473022460938,0.09995269775390625,915.219970703125,64.15052795410156,0.0477716401219368
84,3.8224806785583496,0.47084134817123413,0.09284283220767975,0.4651574492454529,-0.007366179022938013,-0.47186750173568726,-0.20089560747146606,-0.0704752504825592,-0.01384766586124897,-0.013507423922419548,-0.008629143238067627,-0.0945020467042923,0.9002914428710938,0.09970855712890625,914.5700073242188,63.90319061279297,0.04787467420101166
85,3.8904104232788086,0.47884848713874817,0.09456314146518707,0.47404468059539795,-0.007499453146010637,-0.482522189617157,-0.20395083725452423,-0.0495256632566452,-0.012377673760056496,-0.006447844207286835,-0.008783469907939434,-0.09686816483736038,0.8999252319335938,0.10007476806640625,904.0999755859375,63.901039123535156,0.047882743179798126
86,3.9091784954071045,0.48094305396080017,0.09505115449428558,0.4769536852836609,-0.007452201563864946,-0.48220521211624146,-0.20412036776542664,-0.0505642332136631,-0.013053582049906254,-0.006603117100894451,-0.008781911805272102,-0.098543182015419,0.8986053466796875,0.1013946533203125,917.1099853515625,64.783447265625,0.04795325547456741
87,3.861845016479492,0.4795398712158203,0.09456107765436172,0.47371670603752136,-0.007497704587876797,-0.4814993739128113,-0.2041209638118744,-0.0488746240735054,-0.012698175385594368,-0.010681068524718285,-0.008833229541778564,-0.09826868772506714,0.8977737426757812,0.10222625732421875,924.4099731445312,64.73657989501953,0.047977037727832794
88,3.8333230018615723,0.4714132845401764,0.09255576878786087,0.4652624726295471,-0.007371929939836264,-0.4717182219028473,-0.20102357864379883,-0.0852864533662796,-0.01315073948353529,-0.01655043289065361,-0.008623920381069183,-0.09803427755832672,0.8975830078125,0.1024169921875,905.8300170898438,63.594146728515625,0.0479845255613327
89,3.846522092819214,0.47701919078826904,0.09393834322690964,0.4714545011520386,-0.00743677094578743,-0.4768374264240265,-0.20318011939525604,-0.0665690004825592,-0.012683209963142872,-0.009883709251880646,-0.008705705404281616,-0.09744082391262054,0.8976516723632812,0.10234832763671875,914.0599975585938,63.84080123901367,0.048136644065380096
90,3.8810858726501465,0.480352520942688,0.09444531798362732,0.4744812250137329,-0.007525961846113205,-0.4829370081424713,-0.203438401222229,-0.0664837509393692,-0.014448612928390503,-0.010346983559429646,-0.00887881126254797,-0.09788164496421814,0.8986587524414062,0.10134124755859375,929.4500122070312,66.0814437866211,0.04829886555671692
91,3.8128304481506348,0.4713737368583679,0.09335821866989136,0.4689148962497711,-0.0073062046431005,-0.47647643089294434,-0.19779562950134277,-0.057059146463871,-0.015211437828838825,-0.0032861847430467606,-0.008697669953107834,-0.09592270851135254,0.8994293212890625,0.1005706787109375,894.8200073242188,62.53241729736328,0.04827657714486122
92,3.830371379852295,0.48054373264312744,0.09427741169929504,0.47302937507629395,-0.00745027419179678,-0.4759257435798645,-0.2038078010082245,-0.04753449559211731,-0.013002971187233925,-0.011589094065129757,-0.008771654218435287,-0.09944562613964081,0.8993377685546875,0.1006622314453125,906.5800170898438,63.04103469848633,0.048253562301397324
93,3.784374475479126,0.4672449827194214,0.09231042861938477,0.46320778131484985,-0.0073450589552521706,-0.47346392273902893,-0.19748526811599731,-0.0742652416229248,-0.01287396252155304,-0.008762825280427933,-0.008726201951503754,-0.09698250889778137,0.9009780883789062,0.09902191162109375,912.0,63.94510269165039,0.04846386983990669
94,3.9237236976623535,0.48498955368995667,0.09569663554430008,0.48128512501716614,-0.007599264848977327,-0.49148064851760864,-0.20439106225967407,-0.03323482722043991,-0.013399318791925907,-0.007575646974146366,-0.009038742631673813,-0.10085544735193253,0.9013595581054688,0.09864044189453125,927.4000244140625,65.87225341796875,0.04849968105554581
95,3.8537678718566895,0.47478991746902466,0.09362410008907318,0.47098401188850403,-0.007432213518768549,-0.4802156686782837,-0.20156461000442505,-0.05954141914844513,-0.013670907355844975,-0.010895296931266785,-0.008756258524954319,-0.09824080020189285,0.900909423828125,0.099090576171875,900.9299926757812,62.71720886230469,0.04843419790267944
96,3.90979266166687,0.4858769178390503,0.09592227637767792,0.48168984055519104,-0.00760877039283514,-0.49008122086524963,-0.20555077493190765,-0.0389229878783226,-0.0136756282299757,-0.006424974650144577,-0.008978774771094322,-0.09988760948181152,0.9029922485351562,0.09700775146484375,932.969970703125,65.25761413574219,0.04845549166202545
97,3.976242780685425,0.48603174090385437,0.09622061252593994,0.48446905612945557,-0.007548175752162933,-0.4929869472980499,-0.2045060098171234,-0.0405815914273262,-0.014556890353560448,-0.0030292989686131477,-0.008987035602331161,-0.0995035469532013,0.9048004150390625,0.0951995849609375,924.6400146484375,65.7724380493164,0.048700395971536636
98,3.847341537475586,0.4772096574306488,0.09426525235176086,0.4730343818664551,-0.007415595464408398,-0.4796537756919861,-0.20197011530399323,-0.0508587509393692,-0.013055701740086079,-0.00806632824242115,-0.008796833455562592,-0.09759597480297089,0.9048843383789062,0.09511566162109375,923.6500244140625,65.10883331298828,0.04883589968085289
99,3.8950066566467285,0.48116570711135864,0.09487148374319077,0.47668999433517456,-0.0075234780088067055,-0.48783665895462036,-0.20256729423999786,-0.0584309846162796,-0.014829753898084164,-0.009987558238208294,-0.00895060133188963,-0.10009567439556122,0.9037704467773438,0.09622955322265625,929.8699951171875,65.85363006591797,0.048904284834861755
100,3.8639819622039795,0.47454631328582764,0.09402265399694443,0.47195446491241455,-0.007396445609629154,-0.4793259799480438,-0.2007904052734375,-0.0540829561650753,-0.013523371890187263,-0.004370681010186672,-0.008742616511881351,-0.09749028086662292,0.9047012329101562,0.09529876708984375,902.5599975585938,63.933021545410156,0.04918532818555832
101,3.9346253871917725,0.4852592945098877,0.09609194099903107,0.48291850090026855,-0.007564123719930649,-0.492159366607666,-0.20452633500099182,-0.0357452854514122,-0.013714451342821121,-0.00423093605786562,-0.0090065598487854,-0.09931293874979019,0.9068679809570312,0.09313201904296875,917.4400024414062,64.81938934326172,0.04911115765571594
102,3.771305561065674,0.4683108925819397,0.09232395887374878,0.4643517732620239,-0.007345615420490503,-0.4766054153442383,-0.1973121613264084,-0.06883285194635391,-0.01418597623705864,-0.008829725906252861,-0.008742989040911198,-0.09629909694194794,0.90673828125,0.09326171875,930.25,65.17583465576172,0.049247272312641144
103,3.7716832160949707,0.4674321413040161,0.09204952418804169,0.46300533413887024,-0.0072798882611095905,-0.4682348370552063,-0.19805076718330383,-0.0782179981470108,-0.012119749560952187,-0.011551598086953163,-0.00859399139881134,-0.09537747502326965,0.9077072143554688,0.09229278564453125,921.2899780273438,65.06195068359375,0.049259550869464874
104,3.88189697265625,0.47410547733306885,0.09385105222463608,0.4706641137599945,-0.00731474906206131,-0.4735458791255951,-0.2003670036792755,-0.05953691899776459,-0.012713463976979256,-0.0062081171199679375,-0.008652953431010246,-0.09547412395477295,0.90802001953125,0.09197998046875,890.8800048828125,62.69850540161133,0.04932262748479843
105,3.848005771636963,0.47636377811431885,0.09411533176898956,0.4702356457710266,-0.007470383308827877,-0.47993284463882446,-0.20144273340702057,-0.0485025979578495,-0.01390379760414362,-0.004261864814907312,-0.008814893662929535,-0.09678948670625687,0.907745361328125,0.092254638671875,918.1599731445312,64.79119873046875,0.049422383308410645
106,3.9458422660827637,0.486039400100708,0.09602716565132141,0.48171132802963257,-0.007527089677751064,-0.4864259660243988,-0.20544666051864624,-0.0692274272441864,-0.013739973306655884,-0.005759672727435827,-0.008886924013495445,-0.09819415211677551,0.9076385498046875,0.0923614501953125,930.3900146484375,65.36727905273438,0.04965990409255028
107,3.86232328414917,0.4773865044116974,0.09405070543289185,0.4713672995567322,-0.007433013990521431,-0.47609561681747437,-0.20290490984916687,-0.0653134286403656,-0.012208900414407253,-0.009697601199150085,-0.008709035813808441,-0.09849804639816284,0.9064407348632812,0.09355926513671875,917.010009765625,64.69602966308594,0.04984590411186218
108,3.9604434967041016,0.48579317331314087,0.09601014107465744,0.48245182633399963,-0.0075006866827607155,-0.48607826232910156,-0.20441117882728577,-0.0366908460855484,-0.012340947985649109,-0.0068137310445308685,-0.008901922032237053,-0.09851164370775223,0.9062118530273438,0.09378814697265625,938.9199829101562,67.15039825439453,0.04993053898215294
109,3.916599750518799,0.4832495450973511,0.09531961381435394,0.4757034182548523,-0.007528706453740597,-0.4871017634868622,-0.20403066277503967,-0.0445033460855484,-0.014248407445847988,-0.0078071109019219875,-0.008956857025623322,-0.0992952436208725,0.9075393676757812,0.09246063232421875,931.8300170898438,65.94451141357422,0.049990300089120865
110,3.8520753383636475,0.4758525490760803,0.0937875509262085,0.4715745449066162,-0.0074006980285048485,-0.47672155499458313,-0.2007073014974594,-0.0593145415186882,-0.012437703087925911,-0.01204685214906931,-0.008774647489190102,-0.09689807891845703,0.9087982177734375,0.0912017822265625,918.9099731445312,64.71717071533203,0.04998383671045303
111,3.9171807765960693,0.4845508337020874,0.09541459381580353,0.47920507192611694,-0.007487121038138866,-0.48313188552856445,-0.2048565149307251,-0.0468982458114624,-0.012693625874817371,-0.007986702024936676,-0.00887289084494114,-0.09887880086898804,0.9087448120117188,0.09125518798828125,954.0800170898438,68.07556915283203,0.05003964155912399
112,3.851233959197998,0.4730009138584137,0.0933145135641098,0.46687331795692444,-0.007337706163525581,-0.47234266996383667,-0.19993409514427185,-0.0703667476773262,-0.01206405833363533,-0.009041676297783852,-0.008665872737765312,-0.09639319777488708,0.909942626953125,0.090057373046875,911.469970703125,64.4842300415039,0.049971893429756165
113,3.871229410171509,0.47992873191833496,0.09457738697528839,0.47521868348121643,-0.007511257193982601,-0.4849697947502136,-0.20226998627185822,-0.0663984939455986,-0.014556333422660828,-0.008533790707588196,-0.008927889168262482,-0.09938603639602661,0.9103240966796875,0.0896759033203125,912.989990234375,63.35197067260742,0.05012422800064087
114,3.8707995414733887,0.47662946581840515,0.0941273421049118,0.47276079654693604,-0.007375004701316357,-0.47789859771728516,-0.20132648944854736,-0.064980149269104,-0.013035513460636139,-0.009921129792928696,-0.008766992017626762,-0.09747375547885895,0.9096450805664062,0.09035491943359375,934.8900146484375,66.2545394897461,0.05027994140982628
115,3.8318710327148438,0.47500473260879517,0.0937214344739914,0.47088879346847534,-0.007439753971993923,-0.4822688102722168,-0.20075024664402008,-0.0831938087940216,-0.013355890288949013,-0.00749367568641901,-0.008855773136019707,-0.097842738032341,0.9096145629882812,0.09038543701171875,907.1300048828125,62.878082275390625,0.050594162195920944
116,3.9439754486083984,0.4840354919433594,0.09598580002784729,0.48155778646469116,-0.007525146007537842,-0.4881041646003723,-0.2046201527118683,-0.05614599585533142,-0.013599023222923279,-0.004711352754384279,-0.00893066730350256,-0.09911439567804337,0.9094161987304688,0.09058380126953125,932.6099853515625,66.6406021118164,0.05067075416445732
117,3.93886137008667,0.48456716537475586,0.09598726034164429,0.480832040309906,-0.007461687549948692,-0.4864639639854431,-0.20347099006175995,-0.0435577854514122,-0.01331163290888071,-0.005712161306291819,-0.008909069001674652,-0.09839440882205963,0.910400390625,0.089599609375,921.760009765625,64.93798065185547,0.05072798207402229
118,3.7158541679382324,0.46128857135772705,0.09048984944820404,0.45646917819976807,-0.007225243374705315,-0.46223196387290955,-0.1959310919046402,-0.0924479067325592,-0.013437394984066486,-0.01625935733318329,-0.008512353524565697,-0.09566037356853485,0.9100875854492188,0.08991241455078125,914.6099853515625,64.36894989013672,0.05084941163659096
119,3.9482080936431885,0.48856407403945923,0.09665343910455704,0.4841482639312744,-0.007549876347184181,-0.4891101121902466,-0.20533514022827148,-0.0329783596098423,-0.012404322624206543,-0.006020649336278439,-0.00899854488670826,-0.09935872256755829,0.9101104736328125,0.0898895263671875,930.6300048828125,65.68672180175781,0.051085781306028366
120,3.883234977722168,0.4828397035598755,0.09519496560096741,0.47729256749153137,-0.007464941591024399,-0.48350512981414795,-0.2034817636013031,-0.0452473908662796,-0.01309378445148468,-0.008027895353734493,-0.008921341970562935,-0.09840881079435349,0.9112472534179688,0.08875274658203125,940.5999755859375,66.36048889160156,0.05117469280958176
121,3.8194618225097656,0.47323697805404663,0.09318885207176208,0.46809911727905273,-0.0073624588549137115,-0.4753631353378296,-0.1987733095884323,-0.0813259482383728,-0.014184458181262016,-0.012497201561927795,-0.00877193920314312,-0.09778784960508347,0.9110488891601562,0.08895111083984375,910.8300170898438,63.8072624206543,0.051352061331272125
122,4.029783725738525,0.4969364106655121,0.09835425019264221,0.49217212200164795,-0.007645778823643923,-0.49401116371154785,-0.2088426798582077,-0.016405414789915085,-0.01170210912823677,-0.0029890071600675583,-0.009077980183064938,-0.09960740059614182,0.9121932983398438,0.08780670166015625,944.239990234375,66.92720031738281,0.051193200051784515
123,3.8475706577301025,0.4780207574367523,0.09419023245573044,0.47381582856178284,-0.007355108857154846,-0.475159227848053,-0.2013024389743805,-0.0600818395614624,-0.013070855289697647,-0.008681217208504677,-0.008755774237215519,-0.09905100613832474,0.9129180908203125,0.0870819091796875,914.02001953125,63.723876953125,0.05127030611038208
124,3.7731759548187256,0.4686526656150818,0.09240609407424927,0.46287858486175537,-0.00732062803581357,-0.4708728790283203,-0.19799545407295227,-0.07759557664394379,-0.01403243187814951,-0.010698449797928333,-0.008713839575648308,-0.09784532338380814,0.9120407104492188,0.08795928955078125,902.1199951171875,63.052513122558594,0.051281001418828964
125,3.811039924621582,0.4688154458999634,0.0926918238401413,0.46597641706466675,-0.007223689928650856,-0.4693738520145416,-0.19654764235019684,-0.0782877504825592,-0.015434913337230682,-0.006751364562660456,-0.008627954870462418,-0.09479261189699173,0.9119415283203125,0.0880584716796875,914.4400024414062,64.9794921875,0.05120182782411575
126,3.807770013809204,0.4712049961090088,0.09302017092704773,0.4667540192604065,-0.007287328131496906,-0.4699077606201172,-0.19773003458976746,-0.0588262602686882,-0.012550396844744682,-0.006513291038572788,-0.008700983598828316,-0.09656410664319992,0.9125442504882812,0.08745574951171875,911.4400024414062,64.2416763305664,0.051347777247428894
127,3.781973123550415,0.4735093414783478,0.09310378134250641,0.46774178743362427,-0.007201051339507103,-0.4625118374824524,-0.20040106773376465,-0.0625232458114624,-0.012158647179603577,-0.012587491422891617,-0.008555805310606956,-0.09553644061088562,0.9115219116210938,0.08847808837890625,907.1799926757812,63.320533752441406,0.051360875368118286
128,3.891230821609497,0.477637380361557,0.09454599767923355,0.4747883677482605,-0.007227991707623005,-0.46951109170913696,-0.2001599371433258,-0.0537109337747097,-0.012931307777762413,-0.004982654005289078,-0.008614566177129745,-0.0956362932920456,0.9118576049804688,0.08814239501953125,903.9400024414062,64.78592681884766,0.05143378674983978
129,3.8616750240325928,0.4795961380004883,0.0946747213602066,0.4750005304813385,-0.007372784428298473,-0.47876453399658203,-0.201100692152977,-0.0630890354514122,-0.015129774808883667,-0.006907142698764801,-0.0088367760181427,-0.09809932857751846,0.9121780395507812,0.08782196044921875,926.47998046875,65.12804412841797,0.0514858104288578
130,3.868967056274414,0.47910064458847046,0.09463220834732056,0.47576066851615906,-0.007316586561501026,-0.4722486138343811,-0.2012878805398941,-0.0501534566283226,-0.01265684887766838,-0.0072025274857878685,-0.008723217062652111,-0.09772324562072754,0.9119491577148438,0.08805084228515625,901.9000244140625,62.960914611816406,0.05155034363269806
131,3.869384765625,0.47956615686416626,0.0948251336812973,0.4756999611854553,-0.007329546846449375,-0.47317832708358765,-0.20086830854415894,-0.0386517234146595,-0.01322709396481514,-0.007242830470204353,-0.008753495290875435,-0.09742803871631622,0.91021728515625,0.08978271484375,941.719970703125,67.435791015625,0.05161873996257782
132,3.883516788482666,0.48004093766212463,0.09479090571403503,0.4762832522392273,-0.0073095341213047504,-0.47215530276298523,-0.20156285166740417,-0.0574466735124588,-0.013441587798297405,-0.006788210943341255,-0.008728452026844025,-0.09692402184009552,0.9120101928710938,0.08798980712890625,918.239990234375,64.88452911376953,0.051739200949668884
133,3.7275991439819336,0.46196603775024414,0.09109464287757874,0.457771360874176,-0.007068784907460213,-0.4542582631111145,-0.1946290135383606,-0.0890996977686882,-0.01435962226241827,-0.011253388598561287,-0.008408144116401672,-0.09377574175596237,0.9113616943359375,0.0886383056640625,878.6699829101562,60.81201934814453,0.05178588628768921
134,3.90674090385437,0.4820496141910553,0.09524695575237274,0.4788939356803894,-0.007280807010829449,-0.46992647647857666,-0.20230844616889954,-0.04291330277919769,-0.012451648712158203,-0.006051111035048962,-0.008691750466823578,-0.09626709669828415,0.9101333618164062,0.08986663818359375,932.719970703125,66.29081726074219,0.05181758850812912
135,3.753023624420166,0.46802473068237305,0.09226325154304504,0.4626035690307617,-0.007100757677108049,-0.45642411708831787,-0.19555330276489258,-0.094680055975914,-0.013320687226951122,-0.007669547572731972,-0.008514132350683212,-0.09383192658424377,0.909698486328125,0.090301513671875,907.4099731445312,63.43428039550781,0.05207351595163345
136,3.897315502166748,0.4819648265838623,0.09518271684646606,0.4787890315055847,-0.007235152646899223,-0.46831780672073364,-0.2025739699602127,-0.0413411408662796,-0.013171759434044361,-0.008552361279726028,-0.008648903109133244,-0.09542623907327652,0.9094390869140625,0.0905609130859375,942.5999755859375,67.4528579711914,0.051943253725767136
137,3.900312900543213,0.48004817962646484,0.0950373113155365,0.4753442704677582,-0.007262272760272026,-0.4700111448764801,-0.2014389932155609,-0.0562065914273262,-0.014330384321510792,-0.005204470828175545,-0.008716825395822525,-0.09614595025777817,0.9111709594726562,0.08882904052734375,919.6599731445312,65.32276153564453,0.05187160521745682
138,3.8546571731567383,0.4734537899494171,0.09381277114152908,0.4702286720275879,-0.007134843617677689,-0.461914598941803,-0.19841527938842773,-0.0646158754825592,-0.012525574304163456,-0.00810572225600481,-0.008535739965736866,-0.09528948366641998,0.9105072021484375,0.0894927978515625,904.02001953125,63.91276550292969,0.051953818649053574
139,3.9464173316955566,0.49122315645217896,0.09738372266292572,0.4854288101196289,-0.007481778040528297,-0.48124057054519653,-0.2061091810464859,-0.025390625,-0.014628026634454727,-0.003517723875120282,-0.008960378356277943,-0.09785152971744537,0.9101791381835938,0.08982086181640625,939.02001953125,66.88775634765625,0.05189437419176102
140,3.916128635406494,0.4828029274940491,0.09532460570335388,0.47936201095581055,-0.0072310203686356544,-0.46733981370925903,-0.20223785936832428,-0.0488513708114624,-0.013029186055064201,-0.0064752427861094475,-0.00867263600230217,-0.09705876559019089,0.9110641479492188,0.08893585205078125,929.489990234375,66.18049621582031,0.05206028372049332
141,3.9001784324645996,0.48021653294563293,0.0947723388671875,0.47580015659332275,-0.0072297691367566586,-0.46488916873931885,-0.2013736069202423,-0.0483630895614624,-0.013406979851424694,-0.007698070257902145,-0.008630912750959396,-0.09715151786804199,0.9107513427734375,0.0892486572265625,907.4500122070312,64.43518829345703,0.052027106285095215
142,3.8749475479125977,0.47788310050964355,0.0943823754787445,0.47409093379974365,-0.007184185087680817,-0.4627785384654999,-0.20074231922626495,-0.0575086772441864,-0.01296432875096798,-0.008305912837386131,-0.00862071756273508,-0.09570062160491943,0.9106826782226562,0.08931732177734375,913.6799926757812,64.67611694335938,0.052175313234329224
143,3.8064088821411133,0.46998322010040283,0.09307532757520676,0.4665219783782959,-0.007064253091812134,-0.4551324248313904,-0.19641494750976562,-0.0727694034576416,-0.014026857912540436,-0.006305890157818794,-0.008484420366585255,-0.09258373081684113,0.9097518920898438,0.09024810791015625,906.3699951171875,63.65700912475586,0.05226355046033859
144,3.8781278133392334,0.4774562120437622,0.09462721645832062,0.4742313325405121,-0.007154121994972229,-0.46442410349845886,-0.19936567544937134,-0.069087915122509,-0.013720358721911907,-0.006634087767452002,-0.008639456704258919,-0.09567239135503769,0.9106597900390625,0.0893402099609375,917.8900146484375,64.97933197021484,0.052389536052942276
145,3.933823347091675,0.4852968454360962,0.09589873254299164,0.4813767075538635,-0.007284332066774368,-0.4723619222640991,-0.20214997231960297,-0.0439453087747097,-0.013643627054989338,-0.007811164483428001,-0.008770067244768143,-0.09695890545845032,0.9109573364257812,0.08904266357421875,937.739990234375,66.87362670898438,0.05233493447303772
146,3.809941291809082,0.4694482982158661,0.09262648224830627,0.46664267778396606,-0.007005647290498018,-0.44989436864852905,-0.196430504322052,-0.0736762136220932,-0.01323091983795166,-0.007960683666169643,-0.008373341523110867,-0.09238699078559875,0.9124298095703125,0.0875701904296875,912.5499877929688,65.0062484741211,0.05248737707734108
147,3.8860464096069336,0.481747031211853,0.09512639790773392,0.4783390760421753,-0.007160598412156105,-0.4629870057106018,-0.202040433883667,-0.0387834757566452,-0.01303784642368555,-0.005042323376983404,-0.008623948320746422,-0.09593468904495239,0.9119720458984375,0.0880279541015625,938.4400024414062,66.75509643554688,0.05267000570893288
148,3.9296622276306152,0.48701247572898865,0.09635214507579803,0.48315516114234924,-0.007293722126632929,-0.47134706377983093,-0.2038472592830658,-0.0457589253783226,-0.014632158912718296,-0.00602515647187829,-0.008784702979028225,-0.09724526107311249,0.9126205444335938,0.08737945556640625,931.280029296875,65.89507293701172,0.05281706154346466
149,3.883758544921875,0.48022985458374023,0.09503677487373352,0.47725290060043335,-0.007192282006144524,-0.46558505296707153,-0.20074951648712158,-0.0553850382566452,-0.014033706858754158,-0.007401313632726669,-0.00864952802658081,-0.09593597054481506,0.9122467041015625,0.0877532958984375,932.6400146484375,66.09268188476562,0.05285514146089554
150,3.850609302520752,0.4785211384296417,0.09465806186199188,0.4745694100856781,-0.007194576784968376,-0.4635907709598541,-0.20018377900123596,-0.043232262134552,-0.015443353913724422,-0.004482314921915531,-0.008655520156025887,-0.095127172768116,0.9123611450195312,0.08763885498046875,936.3300170898438,66.39954376220703,0.05301643908023834
151,3.8996713161468506,0.4850524365901947,0.09611737728118896,0.4801642894744873,-0.007220628205686808,-0.4652314782142639,-0.2025844305753708,-0.02590356580913067,-0.015644140541553497,-0.004432078450918198,-0.008710505440831184,-0.0948941558599472,0.9138412475585938,0.08615875244140625,925.4299926757812,65.3574447631836,0.053084596991539
152,3.8760483264923096,0.4820990264415741,0.09516503661870956,0.4764854907989502,-0.00726843997836113,-0.46791431307792664,-0.2031705677509308,-0.0736142098903656,-0.015589868649840355,-0.008754054084420204,-0.008715570904314518,-0.09621505439281464,0.9134140014648438,0.08658599853515625,943.4600219726562,67.1040267944336,0.05307842791080475
153,3.8980660438537598,0.4828580915927887,0.09536011517047882,0.47873538732528687,-0.007235396653413773,-0.46650004386901855,-0.20276272296905518,-0.0465727299451828,-0.013828407973051071,-0.009102696552872658,-0.008675663731992245,-0.0962633341550827,0.91363525390625,0.08636474609375,940.6099853515625,66.8243408203125,0.053209129720926285
154,3.8902721405029297,0.4811517000198364,0.09519413858652115,0.47779718041419983,-0.0072115641087293625,-0.46731436252593994,-0.20119500160217285,-0.0460844486951828,-0.01605486311018467,-0.006537684239447117,-0.00870010256767273,-0.09619316458702087,0.9154129028320312,0.08458709716796875,927.510009765625,66.23406982421875,0.05341125652194023
155,3.808187961578369,0.4701327085494995,0.09308169782161713,0.46838870644569397,-0.007008302956819534,-0.4541473984718323,-0.19653469324111938,-0.0629727691411972,-0.012994738295674324,-0.004161478020250797,-0.008446898311376572,-0.09378451108932495,0.9158401489257812,0.08415985107421875,917.260009765625,65.0740737915039,0.053585730493068695
156,3.8360729217529297,0.4772363305091858,0.09400968253612518,0.47260892391204834,-0.007094666827470064,-0.4541892111301422,-0.20112255215644836,-0.0661272257566452,-0.015368408523499966,-0.007804271299391985,-0.008481497876346111,-0.0948067158460617,0.9146881103515625,0.0853118896484375,910.1400146484375,63.505958557128906,0.05361036956310272
157,3.8859310150146484,0.47667810320854187,0.09433358907699585,0.4745701551437378,-0.00713643804192543,-0.4614706039428711,-0.20031839609146118,-0.0566948726773262,-0.01383715495467186,-0.008254856802523136,-0.008565088734030724,-0.09382441639900208,0.914520263671875,0.085479736328125,925.1500244140625,66.52315521240234,0.05375170707702637
158,3.950955867767334,0.48695510625839233,0.09640558809041977,0.4844377040863037,-0.007255889009684324,-0.47056522965431213,-0.20381705462932587,-0.039029110223054886,-0.014228420332074165,-0.0045476132072508335,-0.008755120448768139,-0.09674623608589172,0.9154586791992188,0.08454132080078125,944.6799926757812,67.82530975341797,0.05390281602740288
159,3.9126057624816895,0.4823254346847534,0.0953650251030922,0.4780317544937134,-0.007316151633858681,-0.4740362763404846,-0.20277957618236542,-0.0506417378783226,-0.015255783684551716,-0.0073012299835681915,-0.008774186484515667,-0.09724438190460205,0.915557861328125,0.084442138671875,919.6599731445312,65.12049102783203,0.05412819981575012
160,3.91843843460083,0.4829745292663574,0.09545131772756577,0.4802032709121704,-0.007241383660584688,-0.4692530333995819,-0.20276190340518951,-0.0439453087747097,-0.01346503384411335,-0.0035517881624400616,-0.008754441514611244,-0.09619436413049698,0.916015625,0.083984375,940.530029296875,67.73191833496094,0.0540936216711998
161,3.9160237312316895,0.4863508343696594,0.09628239274024963,0.4826646149158478,-0.0072359684854745865,-0.4669957160949707,-0.20435038208961487,-0.0433175191283226,-0.014648638665676117,-0.004557777661830187,-0.008681880310177803,-0.09570161998271942,0.917724609375,0.082275390625,914.739990234375,64.45571899414062,0.05417640507221222
162,3.865119457244873,0.4769737124443054,0.09413821995258331,0.47330403327941895,-0.007154122926294804,-0.461531400680542,-0.20135560631752014,-0.0533854104578495,-0.013525179587304592,-0.00817942339926958,-0.00859188660979271,-0.0960056334733963,0.9159011840820312,0.08409881591796875,906.97998046875,63.903072357177734,0.054434701800346375
163,3.865366220474243,0.4777449071407318,0.09440934658050537,0.4742130637168884,-0.007175426930189133,-0.4609200954437256,-0.20151573419570923,-0.0437825471162796,-0.014318946748971939,-0.009842959232628345,-0.00861490797251463,-0.09546022117137909,0.917388916015625,0.082611083984375,910.530029296875,64.4027099609375,0.054594703018665314
164,3.9036078453063965,0.4838815927505493,0.09540949016809464,0.47800499200820923,-0.007212425582110882,-0.4637300968170166,-0.2045963704586029,-0.049408216029405594,-0.014068784192204475,-0.008760256692767143,-0.008631682954728603,-0.09720680862665176,0.9184799194335938,0.08152008056640625,943.1500244140625,67.27664947509766,0.05459194630384445
165,3.6981091499328613,0.4592578411102295,0.09016153216362,0.4550912380218506,-0.0069062430411577225,-0.44366008043289185,-0.19380402565002441,-0.1003766655921936,-0.014123624190688133,-0.014183291234076023,-0.008225683122873306,-0.09266190975904465,0.9175033569335938,0.08249664306640625,897.3499755859375,62.50429153442383,0.05471213907003403
166,3.841352939605713,0.4741913676261902,0.09364674240350723,0.4701637923717499,-0.007104747928678989,-0.4580986499786377,-0.2005653977394104,-0.0642671138048172,-0.012994851917028427,-0.007304530590772629,-0.008530639111995697,-0.09484744817018509,0.9173431396484375,0.0826568603515625,914.5,64.79845428466797,0.05484701693058014
167,3.8893332481384277,0.4809098541736603,0.09521333873271942,0.4766632318496704,-0.007259724196046591,-0.46888354420661926,-0.20232534408569336,-0.0456194169819355,-0.014412381686270237,-0.0062314774841070175,-0.008747870102524757,-0.09584951400756836,0.916534423828125,0.083465576171875,920.02001953125,65.54589080810547,0.05492067709565163
168,3.911351203918457,0.48629727959632874,0.0961393266916275,0.4810250401496887,-0.0073563698679208755,-0.47302812337875366,-0.2057335078716278,-0.0387834794819355,-0.015119330957531929,-0.00848257727921009,-0.008847231045365334,-0.09805525094270706,0.918182373046875,0.081817626953125,925.030029296875,65.16466522216797,0.05479087308049202
169,3.813856363296509,0.471489280462265,0.09276549518108368,0.46737581491470337,-0.007116139400750399,-0.45757484436035156,-0.19986394047737122,-0.0771251767873764,-0.013501083478331566,-0.009518101811408997,-0.00856832042336464,-0.09636801481246948,0.91845703125,0.08154296875,917.8699951171875,64.84554290771484,0.05504688248038292
170,3.8534696102142334,0.47695136070251465,0.09428854286670685,0.4726724624633789,-0.007185289636254311,-0.4650636315345764,-0.20138785243034363,-0.059012271463871,-0.014017672277987003,-0.008241229690611362,-0.008639093488454819,-0.09585966914892197,0.917327880859375,0.082672119140625,904.02001953125,63.191959381103516,0.055171359330415726
171,3.810046911239624,0.46806544065475464,0.092765673995018,0.46422791481018066,-0.0070739611983299255,-0.4585946202278137,-0.19809910655021667,-0.075923852622509,-0.011975802481174469,-0.008064641617238522,-0.00854390487074852,-0.09472481161355972,0.9143295288085938,0.08567047119140625,929.22998046875,65.99374389648438,0.05535496026277542
172,3.640394449234009,0.44862622022628784,0.08824148774147034,0.4441933035850525,-0.006777010392397642,-0.4337688684463501,-0.1919480711221695,-0.1010122001171112,-0.012405501678586006,-0.015173017978668213,-0.008064689114689827,-0.08960539847612381,0.9132080078125,0.0867919921875,863.6099853515625,60.578346252441406,0.05558935925364494
173,3.9036149978637695,0.4826505780220032,0.09550207853317261,0.4787067174911499,-0.007292605005204678,-0.4719884991645813,-0.20451027154922485,-0.0351794995367527,-0.01417362317442894,-0.006609802599996328,-0.008795801550149918,-0.09904135763645172,0.9125595092773438,0.08744049072265625,923.3300170898438,65.25655364990234,0.05565159022808075
174,3.811006546020508,0.4712947607040405,0.09340504556894302,0.4678792655467987,-0.007123783230781555,-0.4597854018211365,-0.19930675625801086,-0.0548735074698925,-0.01319580152630806,-0.004882611334323883,-0.008583049289882183,-0.09413091093301773,0.91400146484375,0.08599853515625,897.3900146484375,63.27427291870117,0.055613815784454346
175,3.901378631591797,0.4787932336330414,0.09467357397079468,0.4756562113761902,-0.007158570922911167,-0.4628470540046692,-0.20332753658294678,-0.0696614533662796,-0.012832154519855976,-0.008281885646283627,-0.00857592560350895,-0.0958070382475853,0.91363525390625,0.08636474609375,928.2999877929688,65.85436248779297,0.055721215903759
176,3.8002796173095703,0.4701962471008301,0.09294978529214859,0.46563196182250977,-0.007102468982338905,-0.45859360694885254,-0.2002938836812973,-0.0739397257566452,-0.01405520923435688,-0.006298306863754988,-0.00854799710214138,-0.09513688087463379,0.9129486083984375,0.0870513916015625,890.1500244140625,62.218544006347656,0.05598282814025879
177,3.9179024696350098,0.489033043384552,0.0961688682436943,0.48021337389945984,-0.007325020153075457,-0.4701625406742096,-0.21001490950584412,-0.0337456576526165,-0.018377503380179405,-0.017034955322742462,-0.008759078569710255,-0.09762293100357056,0.9112777709960938,0.08872222900390625,929.9199829101562,65.93437957763672,0.05587589368224144
178,3.913407325744629,0.4805017113685608,0.09508199244737625,0.4774986505508423,-0.007243860978633165,-0.4682955741882324,-0.20449581742286682,-0.0532691553235054,-0.013057336211204529,-0.007032434456050396,-0.008718897588551044,-0.09630484879016876,0.9106216430664062,0.08937835693359375,901.6099853515625,63.48311996459961,0.05594193935394287
179,3.7930383682250977,0.4696323871612549,0.0923633873462677,0.46369633078575134,-0.007079060655087233,-0.4524308741092682,-0.2006007730960846,-0.075435571372509,-0.012907322496175766,-0.010220887139439583,-0.008458083495497704,-0.09550568461418152,0.9094390869140625,0.0905609130859375,914.2999877929688,64.15292358398438,0.0560038685798645
180,3.921356678009033,0.482340544462204,0.09561045467853546,0.47930166125297546,-0.007284658960998058,-0.470973402261734,-0.20575889945030212,-0.0390624962747097,-0.013637939468026161,-0.0046789273619651794,-0.008793549612164497,-0.09743589162826538,0.9089584350585938,0.09104156494140625,918.489990234375,65.58113861083984,0.055973120033741
181,3.834705352783203,0.4716295003890991,0.09319769591093063,0.46699392795562744,-0.007172031328082085,-0.45991697907447815,-0.20164892077445984,-0.0905180349946022,-0.01531565748155117,-0.010472671128809452,-0.008511418476700783,-0.09673966467380524,0.9075469970703125,0.0924530029296875,918.4199829101562,65.00823974609375,0.05604889243841171
182,3.7975893020629883,0.46944981813430786,0.09274657070636749,0.46501410007476807,-0.007080512586981058,-0.456068217754364,-0.20043706893920898,-0.0601283460855484,-0.013911440968513489,-0.006464454345405102,-0.008552050217986107,-0.09588710963726044,0.9080657958984375,0.0919342041015625,938.780029296875,67.10084533691406,0.05606821924448013
183,3.8428237438201904,0.47457417845726013,0.09392737597227097,0.4703005850315094,-0.00711502879858017,-0.4586298167705536,-0.2023172378540039,-0.0641741007566452,-0.013599647209048271,-0.005727415904402733,-0.008507035672664642,-0.09499950706958771,0.9079818725585938,0.09201812744140625,906.469970703125,63.74916458129883,0.05612843111157417
184,3.915619373321533,0.48370927572250366,0.09577390551567078,0.4798886775970459,-0.007297932170331478,-0.47208550572395325,-0.2060483992099762,-0.0448288656771183,-0.014985376968979836,-0.00369151565246284,-0.008789635263383389,-0.09828195720911026,0.908111572265625,0.091888427734375,924.5700073242188,65.42829895019531,0.056213945150375366
185,3.9210028648376465,0.4839359521865845,0.09563590586185455,0.48001810908317566,-0.007271962705999613,-0.46914514899253845,-0.20569047331809998,-0.0620582178235054,-0.01385833602398634,-0.005778363905847073,-0.00875940453261137,-0.09778812527656555,0.9081954956054688,0.09180450439453125,930.4400024414062,66.25634765625,0.05623682588338852
186,3.922297477722168,0.483195960521698,0.09568487852811813,0.48009997606277466,-0.007227237336337566,-0.4662063419818878,-0.20634669065475464,-0.0387369766831398,-0.013492178171873093,-0.005694732069969177,-0.008700905367732048,-0.09607747942209244,0.9096450805664062,0.09035491943359375,927.1500244140625,65.85005187988281,0.05625949800014496
187,4.0258378982543945,0.49391162395477295,0.09797318279743195,0.4922713041305542,-0.007401202339679003,-0.47842174768447876,-0.21121029555797577,-0.0227864570915699,-0.01286807470023632,-0.002705477410927415,-0.008935550227761269,-0.09841207414865494,0.9107284545898438,0.08927154541015625,937.8699951171875,67.20712280273438,0.056187454611063004
188,3.879514694213867,0.4776589572429657,0.09436910599470139,0.47351107001304626,-0.007111904677003622,-0.4591425061225891,-0.20382438600063324,-0.0620349645614624,-0.012383410707116127,-0.007434657774865627,-0.008544545620679855,-0.0955028310418129,0.9099655151367188,0.09003448486328125,932.1099853515625,66.85684967041016,0.056174810975790024
189,3.868161201477051,0.47877466678619385,0.09467566758394241,0.4743846356868744,-0.007270758971571922,-0.4668639302253723,-0.20423677563667297,-0.0569661408662796,-0.014382630586624146,-0.00904930755496025,-0.008721535094082355,-0.09660579264163971,0.9094696044921875,0.0905303955078125,919.72998046875,65.11715698242188,0.056372616440057755
190,3.788361072540283,0.4661056697368622,0.09217844158411026,0.4625137746334076,-0.007000156212598085,-0.45090222358703613,-0.1991063356399536,-0.0753580629825592,-0.013796958141028881,-0.009544624015688896,-0.008409388363361359,-0.0933075100183487,0.9077224731445312,0.09227752685546875,907.5999755859375,64.11048889160156,0.05648715794086456
191,3.9394373893737793,0.48703527450561523,0.09614124894142151,0.4824029207229614,-0.0073182238265872,-0.47157400846481323,-0.20828759670257568,-0.0446196012198925,-0.014480243436992168,-0.0059719751589000225,-0.008794862776994705,-0.09812887012958527,0.90643310546875,0.09356689453125,921.3800048828125,65.23918914794922,0.05669694393873215
192,3.943343162536621,0.4877046048641205,0.09654697775840759,0.4845813512802124,-0.007309197913855314,-0.47008249163627625,-0.20730215311050415,-0.0537341833114624,-0.015099731273949146,-0.007371169980615377,-0.008817903697490692,-0.09688426554203033,0.9075698852539062,0.09243011474609375,937.1199951171875,66.43470764160156,0.05658029019832611
193,3.906913995742798,0.48260441422462463,0.09550639986991882,0.4784209132194519,-0.007252050563693047,-0.4657111167907715,-0.20544427633285522,-0.0499596931040287,-0.014539793133735657,-0.0062778303399682045,-0.00877226609736681,-0.0980885848402977,0.90777587890625,0.09222412109375,912.8699951171875,64.19959259033203,0.05652013048529625
194,3.981191635131836,0.4906806945800781,0.09718912839889526,0.4876316785812378,-0.007344081066548824,-0.47412458062171936,-0.20911571383476257,-0.0311802439391613,-0.013611728325486183,-0.005939236376434565,-0.008878686465322971,-0.09772326797246933,0.9084625244140625,0.0915374755859375,934.9400024414062,66.45677185058594,0.056543417274951935
195,3.829756259918213,0.47212761640548706,0.09311126917600632,0.46859824657440186,-0.0070711285807192326,-0.4546195864677429,-0.2015790045261383,-0.0758696049451828,-0.014132488518953323,-0.006142070516943932,-0.008514895103871822,-0.09367748349905014,0.9098663330078125,0.0901336669921875,935.260009765625,66.69458770751953,0.056561440229415894
196,3.803463935852051,0.46932634711265564,0.09279851615428925,0.46607059240341187,-0.007036903873085976,-0.4540419280529022,-0.19970807433128357,-0.06763223558664322,-0.014454699121415615,-0.007062864955514669,-0.008506091311573982,-0.09306931495666504,0.9113616943359375,0.0886383056640625,884.6599731445312,61.70047378540039,0.056561630219221115
197,3.9266622066497803,0.4820784032344818,0.09550792723894119,0.4787616729736328,-0.007275277283042669,-0.46896418929100037,-0.20613446831703186,-0.0436197891831398,-0.015746381133794785,-0.004105744883418083,-0.008771402761340141,-0.0947890356183052,0.9108352661132812,0.08916473388671875,923.8300170898438,65.76864624023438,0.056735262274742126
198,3.82712459564209,0.4724041819572449,0.0932769700884819,0.46869200468063354,-0.007040453143417835,-0.4512411952018738,-0.20193538069725037,-0.0615699365735054,-0.013148575089871883,-0.009123606607317924,-0.008448660373687744,-0.09445513784885406,0.9101943969726562,0.08980560302734375,901.6300048828125,63.59254837036133,0.05679693445563316
199,3.866058349609375,0.4772067666053772,0.09432473033666611,0.4739549458026886,-0.00716210063546896,-0.45808035135269165,-0.20447437465190887,-0.0703124925494194,-0.014241429977118969,-0.008270935155451298,-0.008561942726373672,-0.09480056911706924,0.910430908203125,0.089569091796875,921.9099731445312,65.65614318847656,0.05679141730070114
200,3.834162473678589,0.4742014408111572,0.09342144429683685,0.46923738718032837,-0.007097986992448568,-0.4533880054950714,-0.20351482927799225,-0.069731205701828,-0.014500517398118973,-0.00942983664572239,-0.008500901982188225,-0.09426075220108032,0.9105377197265625,0.0894622802734375,910.030029296875,63.96525955200195,0.05703181028366089
201,3.8689327239990234,0.4746783673763275,0.09395909309387207,0.4721347689628601,-0.007062776479870081,-0.4544907510280609,-0.2033064365386963,-0.0543852262198925,-0.013671807944774628,-0.005776033736765385,-0.008531929925084114,-0.09335149824619293,0.91302490234375,0.08697509765625,922.0,66.2155990600586,0.05719957873225212
202,3.7120585441589355,0.46159714460372925,0.09097510576248169,0.4572466313838959,-0.006946696899831295,-0.4433777928352356,-0.19716060161590576,-0.097873255610466,-0.013119748793542385,-0.010770762339234352,-0.008346082642674446,-0.09260906279087067,0.91357421875,0.08642578125,897.7999877929688,62.974517822265625,0.05731116607785225
203,3.839733839035034,0.47610703110694885,0.09353122115135193,0.47116440534591675,-0.007173333317041397,-0.455933153629303,-0.20589067041873932,-0.0672742947936058,-0.014979871921241283,-0.015595883131027222,-0.008576805703341961,-0.09506560117006302,0.9136581420898438,0.08634185791015625,911.1300048828125,64.03337860107422,0.05730175971984863
204,3.8257009983062744,0.4730389714241028,0.09343217313289642,0.46989738941192627,-0.0070618316531181335,-0.453564316034317,-0.20283007621765137,-0.06027630716562271,-0.014133376069366932,-0.008278275839984417,-0.008497758768498898,-0.09329542517662048,0.9125213623046875,0.0874786376953125,893.4400024414062,62.701171875,0.057295992970466614
205,4.002878665924072,0.4905346930027008,0.09724225103855133,0.4884605407714844,-0.0073077986016869545,-0.47099772095680237,-0.2100543975830078,-0.0260416641831398,-0.013925415463745594,-0.0038944771513342857,-0.008767204359173775,-0.09616075456142426,0.913360595703125,0.086639404296875,938.510009765625,67.615966796875,0.05714758485555649
206,3.786614418029785,0.47098731994628906,0.0924547016620636,0.4651827812194824,-0.007070318795740604,-0.44959017634391785,-0.20247939229011536,-0.08366730809211731,-0.012225670740008354,-0.013186045922338963,-0.008469242602586746,-0.0943056046962738,0.9139251708984375,0.0860748291015625,897.4299926757812,62.168270111083984,0.05716025456786156
207,3.7268853187561035,0.4634265899658203,0.09119307994842529,0.4602028727531433,-0.006895075552165508,-0.4407370090484619,-0.19857756793498993,-0.088727667927742,-0.01357271894812584,-0.01113567128777504,-0.008251507766544819,-0.09182065725326538,0.912994384765625,0.087005615234375,897.2999877929688,63.08182907104492,0.0571318119764328
208,3.872765064239502,0.4778481423854828,0.0943521112203598,0.4752894639968872,-0.007149320095777512,-0.4569297432899475,-0.20553965866565704,-0.0498046875,-0.011659026145935059,-0.007677887566387653,-0.008537711575627327,-0.09490194916725159,0.91314697265625,0.08685302734375,907.4299926757812,64.35262298583984,0.05726488679647446
209,3.9517927169799805,0.48853600025177,0.09660117328166962,0.48554566502571106,-0.00729838851839304,-0.46784770488739014,-0.20944993197917938,-0.0305989570915699,-0.01363093126565218,-0.0056473929435014725,-0.008780104108154774,-0.0959589034318924,0.9145431518554688,0.08545684814453125,935.6699829101562,66.70612335205078,0.057244352996349335
210,3.9236626625061035,0.48516273498535156,0.0961865484714508,0.48245853185653687,-0.007224998902529478,-0.4657796621322632,-0.2066487967967987,-0.028758510947227478,-0.013614130206406116,-0.0037243706174194813,-0.00873174611479044,-0.09467680752277374,0.9157943725585938,0.08420562744140625,923.6900024414062,65.70777130126953,0.05739443004131317
211,3.964446544647217,0.491769015789032,0.09675430506467819,0.48512327671051025,-0.007444240152835846,-0.4752482771873474,-0.21115989983081818,-0.0378069169819355,-0.013947288505733013,-0.010257575660943985,-0.008876580744981766,-0.09907642006874084,0.916107177734375,0.083892822265625,941.3200073242188,66.33531951904297,0.05743981897830963
212,3.949957847595215,0.4874928295612335,0.09629219025373459,0.48352962732315063,-0.007327868603169918,-0.47004297375679016,-0.20867805182933807,-0.03757510334253311,-0.013195212930440903,-0.006987610831856728,-0.008825334720313549,-0.09587326645851135,0.9155654907226562,0.08443450927734375,939.2000122070312,67.0421142578125,0.05758495628833771
213,3.7037949562072754,0.4651554822921753,0.09111679345369339,0.46024107933044434,-0.00702291913330555,-0.44813036918640137,-0.19882088899612427,-0.0947498083114624,-0.012979132123291492,-0.012036658823490143,-0.008450079709291458,-0.09351230412721634,0.9137725830078125,0.0862274169921875,890.5599975585938,61.402530670166016,0.05757918953895569
214,3.9083592891693115,0.4826595187187195,0.09559084475040436,0.4788515567779541,-0.0073029277846217155,-0.4707857370376587,-0.20646172761917114,-0.0375821515917778,-0.01656188629567623,-0.003956200554966927,-0.008798666298389435,-0.09338764101266861,0.9125137329101562,0.08748626708984375,937.9099731445312,67.1172866821289,0.05752117186784744
215,3.8370635509490967,0.47477462887763977,0.093929223716259,0.47138845920562744,-0.007153083570301533,-0.46015509963035583,-0.2028503715991974,-0.0546254888176918,-0.015497922897338867,-0.007275439333170652,-0.008630625903606415,-0.09314215928316116,0.9130859375,0.0869140625,908.6900024414062,64.33918762207031,0.05740372836589813
216,3.9131994247436523,0.48340392112731934,0.09575609862804413,0.4798428416252136,-0.007157145068049431,-0.45923006534576416,-0.2071807086467743,-0.0425347164273262,-0.012420185841619968,-0.005241639446467161,-0.008598852902650833,-0.0918162390589714,0.9128341674804688,0.08716583251953125,926.260009765625,66.00447845458984,0.057383403182029724
217,3.7429800033569336,0.4632021188735962,0.09121725708246231,0.4589545726776123,-0.006975868716835976,-0.446135014295578,-0.19753095507621765,-0.0777142196893692,-0.014915239065885544,-0.008559595793485641,-0.008408650755882263,-0.08912239968776703,0.9113616943359375,0.0886383056640625,891.72998046875,62.640438079833984,0.05736488103866577
218,3.895634889602661,0.482573926448822,0.0951995775103569,0.47735804319381714,-0.007240273989737034,-0.46282005310058594,-0.20683592557907104,-0.04869706928730011,-0.015013104304671288,-0.006897065322846174,-0.008668377995491028,-0.09345468878746033,0.9114913940429688,0.08850860595703125,939.9199829101562,67.40361785888672,0.057299792766571045
219,3.933663845062256,0.48777204751968384,0.09646610915660858,0.4837343394756317,-0.007340732961893082,-0.4718167781829834,-0.20884019136428833,-0.03924216702580452,-0.016031719744205475,-0.0057739559561014175,-0.008850255981087685,-0.09471249580383301,0.9124298095703125,0.0875701904296875,913.9199829101562,64.30484771728516,0.057309843599796295
220,3.893768310546875,0.4808320105075836,0.09525597095489502,0.47775518894195557,-0.007212653290480375,-0.46413421630859375,-0.20617207884788513,-0.0514787919819355,-0.01512090489268303,-0.0051966216415166855,-0.008694177493453026,-0.09258612990379333,0.9126968383789062,0.08730316162109375,916.0499877929688,64.65678405761719,0.057536497712135315
221,3.9747812747955322,0.4916050434112549,0.09718664735555649,0.4894849956035614,-0.0072101992554962635,-0.4665961265563965,-0.20851151645183563,-0.0159505195915699,-0.011918211355805397,-0.0026901375968009233,-0.008779838681221008,-0.09480752050876617,0.9138946533203125,0.0861053466796875,935.6300048828125,67.19368743896484,0.05760651081800461
222,3.921386241912842,0.482512503862381,0.09538854658603668,0.4794353246688843,-0.00718232337385416,-0.46136724948883057,-0.2068752497434616,-0.0485026016831398,-0.01393531821668148,-0.008299252949655056,-0.008638962171971798,-0.09312314540147781,0.9149246215820312,0.08507537841796875,909.4299926757812,64.20181274414062,0.05760922282934189
223,3.8239386081695557,0.4760005474090576,0.09418664127588272,0.4730178117752075,-0.007027106359601021,-0.4493364989757538,-0.20282863080501556,-0.0550595223903656,-0.013181453570723534,-0.0050825998187065125,-0.00845771748572588,-0.09060107916593552,0.9137191772460938,0.08628082275390625,932.1099853515625,66.11516571044922,0.05762277543544769
224,3.9942636489868164,0.4903827905654907,0.09716533869504929,0.48701339960098267,-0.0072503769770264626,-0.4665607213973999,-0.20930811762809753,-0.0359700471162796,-0.013758668676018715,-0.0036058395635336637,-0.008738442324101925,-0.09286939352750778,0.9134597778320312,0.08654022216796875,941.2899780273438,67.6934814453125,0.05771418660879135
225,3.7507591247558594,0.46334391832351685,0.0914648175239563,0.4608653783798218,-0.0068015167489647865,-0.436275839805603,-0.19872796535491943,-0.0731801837682724,-0.013268542475998402,-0.009779484942555428,-0.008201003074645996,-0.08838076889514923,0.912689208984375,0.087310791015625,897.97998046875,63.83297348022461,0.05777353048324585
226,3.901822566986084,0.4872421622276306,0.09623095393180847,0.4813418388366699,-0.007197429891675711,-0.46012574434280396,-0.20849360525608063,-0.02982461266219616,-0.014229614287614822,-0.005366326309740543,-0.00867234542965889,-0.09283886849880219,0.912872314453125,0.087127685546875,939.280029296875,66.19983673095703,0.05789932608604431
227,3.9349045753479004,0.4852718710899353,0.09609071910381317,0.4828747510910034,-0.007148086093366146,-0.45969247817993164,-0.20742085576057434,-0.0504867285490036,-0.013226956129074097,-0.006112691480666399,-0.008597268722951412,-0.09117726981639862,0.913970947265625,0.086029052734375,932.27001953125,66.4930419921875,0.05791739374399185
228,3.842320680618286,0.4738997220993042,0.0935676097869873,0.4700772166252136,-0.0069772107526659966,-0.4481160342693329,-0.20216774940490723,-0.0611514076590538,-0.013846063986420631,-0.008175821043550968,-0.008432278409600258,-0.09037738293409348,0.9138031005859375,0.0861968994140625,912.02001953125,64.93385314941406,0.05805419385433197
229,3.902496814727783,0.47888725996017456,0.09480739384889603,0.47584107518196106,-0.0070635974407196045,-0.4536954462528229,-0.20488794147968292,-0.0570126436650753,-0.015672048553824425,-0.008093368262052536,-0.00849357433617115,-0.09106297791004181,0.914093017578125,0.085906982421875,900.0499877929688,63.763999938964844,0.05811814218759537
230,3.834853410720825,0.4729117751121521,0.09354288876056671,0.46829938888549805,-0.006958829239010811,-0.4471146762371063,-0.20205628871917725,-0.066266730427742,-0.015056999400258064,-0.008184492588043213,-0.008383559063076973,-0.09126384556293488,0.9139938354492188,0.08600616455078125,915.9600219726562,64.98902893066406,0.05801451951265335
231,3.943636655807495,0.48310038447380066,0.09582564979791641,0.48024389147758484,-0.007005840074270964,-0.45255088806152344,-0.20566216111183167,-0.0420386865735054,-0.012350239790976048,-0.003396919695660472,-0.008515030145645142,-0.08961153030395508,0.9138336181640625,0.0861663818359375,916.0999755859375,65.64925384521484,0.058144986629486084
232,3.917766571044922,0.48576295375823975,0.0962655320763588,0.4826059937477112,-0.007055739406496286,-0.4535176753997803,-0.20713427662849426,-0.0346137136220932,-0.013480966910719872,-0.003079252317547798,-0.008585687726736069,-0.09053304046392441,0.9141464233398438,0.08585357666015625,927.8200073242188,66.36140441894531,0.05831054598093033
233,3.827064275741577,0.4767190217971802,0.09413796663284302,0.47404050827026367,-0.007024652324616909,-0.4526919722557068,-0.20207099616527557,-0.04658893123269081,-0.014977505430579185,-0.007142376154661179,-0.008542846888303757,-0.0895596593618393,0.9156875610351562,0.08431243896484375,925.8699951171875,65.75598907470703,0.05832575261592865
234,3.817237377166748,0.4715285897254944,0.09325660765171051,0.46943965554237366,-0.006777476519346237,-0.4356369972229004,-0.2006092518568039,-0.0568963885307312,-0.013708687387406826,-0.003999406471848488,-0.008218742907047272,-0.0885336697101593,0.9159927368164062,0.08400726318359375,915.2999877929688,65.11561584472656,0.05845346674323082
235,3.7987637519836426,0.47119489312171936,0.09311806410551071,0.4676961302757263,-0.006871160119771957,-0.44131070375442505,-0.2012489289045334,-0.0687313973903656,-0.013841715641319752,-0.007622367702424526,-0.008342198096215725,-0.08907356858253479,0.9152908325195312,0.08470916748046875,895.2899780273438,63.11325454711914,0.05868207663297653
236,3.803166151046753,0.47112101316452026,0.09309744089841843,0.46785205602645874,-0.006776217371225357,-0.43535536527633667,-0.20118743181228638,-0.056927390396595,-0.013505803421139717,-0.006696854252368212,-0.008214099332690239,-0.0889391303062439,0.914306640625,0.085693359375,918.1500244140625,65.21536254882812,0.05878007411956787
237,3.952427625656128,0.49025794863700867,0.09706909954547882,0.48584485054016113,-0.0071695828810334206,-0.4625161290168762,-0.20894664525985718,-0.0262276753783226,-0.01580565609037876,-0.005366658791899681,-0.008718691766262054,-0.09202317893505096,0.9169692993164062,0.08303070068359375,928.8699951171875,66.31593322753906,0.059144243597984314
238,3.873176097869873,0.4784098267555237,0.09457090497016907,0.4754684567451477,-0.006922086700797081,-0.44355064630508423,-0.20469172298908234,-0.0682198628783226,-0.01426973007619381,-0.006340264342725277,-0.00837874598801136,-0.09184050559997559,0.9172744750976562,0.08272552490234375,930.6199951171875,66.48924255371094,0.0590791217982769
239,3.822303295135498,0.4731014370918274,0.09343203902244568,0.46907681226730347,-0.00686284713447094,-0.4379996657371521,-0.2022256702184677,-0.0680571049451828,-0.014435841701924801,-0.010830468498170376,-0.00827464833855629,-0.08913500607013702,0.9163284301757812,0.08367156982421875,933.1400146484375,66.78325653076172,0.05921010673046112
240,3.9051969051361084,0.48377299308776855,0.09587806463241577,0.4813867211341858,-0.007047382183372974,-0.4552472233772278,-0.20633874833583832,-0.03056795336306095,-0.013688084669411182,-0.004414885304868221,-0.008625281043350697,-0.09171175211668015,0.91571044921875,0.08428955078125,925.510009765625,66.15474700927734,0.05942806228995323
241,3.608646869659424,0.4524749517440796,0.08932314813137054,0.4496898353099823,-0.0066153560765087605,-0.42438727617263794,-0.19325506687164307,-0.0911380723118782,-0.014329114928841591,-0.009150673635303974,-0.008042745292186737,-0.08490510284900665,0.9144363403320312,0.08556365966796875,884.6799926757812,61.809600830078125,0.05958101898431778
242,3.7291362285614014,0.465004026889801,0.09174952656030655,0.4602275490760803,-0.006770020816475153,-0.43234938383102417,-0.19856150448322296,-0.09637106955051422,-0.014933759346604347,-0.00825371965765953,-0.008199378848075867,-0.08777262270450592,0.9131698608398438,0.08683013916015625,900.9400024414062,63.64067840576172,0.05959588289260864
243,3.7795629501342773,0.4702766537666321,0.0926172137260437,0.4658777117729187,-0.006844596937298775,-0.4368252158164978,-0.2008601427078247,-0.0758463442325592,-0.0141825620085001,-0.011427576653659344,-0.008287684060633183,-0.08946172893047333,0.913299560546875,0.086700439453125,904.1699829101562,63.42597198486328,0.059717193245887756
244,3.8798301219940186,0.48018378019332886,0.09503711760044098,0.47647643089294434,-0.0069461967796087265,-0.4459139108657837,-0.20412519574165344,-0.055755872279405594,-0.014228809624910355,-0.007678433321416378,-0.008461914956569672,-0.08913227915763855,0.9134597778320312,0.08654022216796875,915.6500244140625,64.73107147216797,0.05972911790013313
245,3.799593448638916,0.47348544001579285,0.0930909663438797,0.4694623351097107,-0.006820994429290295,-0.4364771544933319,-0.2020116150379181,-0.0738002210855484,-0.014535331167280674,-0.011658348143100739,-0.008295892737805843,-0.08918548375368118,0.9124374389648438,0.08756256103515625,921.6699829101562,64.74848175048828,0.06006428599357605
246,3.945308208465576,0.49059510231018066,0.09704184532165527,0.48784327507019043,-0.006971396505832672,-0.44905656576156616,-0.2087855339050293,-0.01914372481405735,-0.013861606828868389,-0.004046484362334013,-0.008511439897119999,-0.09104402363300323,0.9126739501953125,0.0873260498046875,939.6400146484375,67.18133544921875,0.06011185050010681
247,3.7814648151397705,0.4672902226448059,0.09223252534866333,0.46269598603248596,-0.006739060394465923,-0.43138033151626587,-0.20018576085567474,-0.0644531175494194,-0.01481003686785698,-0.009287483990192413,-0.008144499734044075,-0.08785863220691681,0.9142837524414062,0.08571624755859375,916.510009765625,65.47384643554688,0.06002012640237808
248,3.8901827335357666,0.4826556444168091,0.09542606770992279,0.4802466630935669,-0.006931100971996784,-0.446003794670105,-0.205638587474823,-0.03823389858007431,-0.016064995899796486,-0.00593479722738266,-0.008474113419651985,-0.08862150460481644,0.9151458740234375,0.0848541259765625,918.1300048828125,65.2689437866211,0.05995873361825943
249,3.8116726875305176,0.4728558361530304,0.0938790887594223,0.47138434648513794,-0.006811627186834812,-0.4395762085914612,-0.20118635892868042,-0.0483863428235054,-0.015362624078989029,-0.0016044891672208905,-0.008312255144119263,-0.08826954662799835,0.9145431518554688,0.08545684814453125,942.239990234375,67.74333190917969,0.06017007678747177
250,3.9647397994995117,0.4914480745792389,0.09736566245555878,0.4875065088272095,-0.00706529663875699,-0.45390188694000244,-0.2096487581729889,-0.0311569906771183,-0.015079988166689873,-0.004061184823513031,-0.008615804836153984,-0.09178973734378815,0.9154129028320312,0.08458709716796875,932.1799926757812,66.65718078613281,0.060192663222551346
251,3.734628677368164,0.46590298414230347,0.09193108975887299,0.4619314670562744,-0.006683108396828175,-0.4271882176399231,-0.19880647957324982,-0.084891177713871,-0.013642504811286926,-0.010815656743943691,-0.008119948208332062,-0.08730161190032959,0.9143142700195312,0.08568572998046875,886.3200073242188,62.130104064941406,0.060198597609996796
252,3.9652066230773926,0.4896324872970581,0.09713925421237946,0.4874306619167328,-0.007062767632305622,-0.45650142431259155,-0.20808599889278412,-0.0350167378783226,-0.015549598261713982,-0.004744886886328459,-0.008654855191707611,-0.09193073958158493,0.9135589599609375,0.0864410400390625,934.8699951171875,66.85115814208984,0.06044726073741913
253,3.868119716644287,0.4822717308998108,0.09531320631504059,0.4792153835296631,-0.006905226036906242,-0.442813515663147,-0.20481786131858826,-0.0461076982319355,-0.015053833834826946,-0.004544340074062347,-0.008481845259666443,-0.0891890823841095,0.914947509765625,0.085052490234375,925.8499755859375,65.71810150146484,0.06061382219195366
254,3.79975962638855,0.470068097114563,0.092887282371521,0.4667317271232605,-0.006726207211613655,-0.42977842688560486,-0.2008337527513504,-0.0717385858297348,-0.0141397500410676,-0.0084346579387784,-0.008156392723321915,-0.08735610544681549,0.9134597778320312,0.08654022216796875,903.6300048828125,64.33845520019531,0.06067908555269241
255,3.688965320587158,0.4599618911743164,0.09079671651124954,0.4564872682094574,-0.0066141774877905846,-0.4236699342727661,-0.19619211554527283,-0.0773344486951828,-0.014178993180394173,-0.010676058940589428,-0.00805702991783619,-0.08725573122501373,0.9127960205078125,0.0872039794921875,914.1099853515625,64.72197723388672,0.06072431430220604
256,3.893927812576294,0.48488640785217285,0.09586761146783829,0.48140108585357666,-0.0069688716903328896,-0.44838380813598633,-0.20682218670845032,-0.0332263745367527,-0.014144757762551308,-0.005368869751691818,-0.008504892699420452,-0.09086500108242035,0.9128646850585938,0.08713531494140625,928.5999755859375,65.94136047363281,0.06067352741956711
257,3.811187267303467,0.4740523397922516,0.09359465539455414,0.47094863653182983,-0.006803219206631184,-0.4366728663444519,-0.20219215750694275,-0.0618489533662796,-0.013713650405406952,-0.007702929899096489,-0.00829843245446682,-0.08944907784461975,0.9127426147460938,0.08725738525390625,925.760009765625,66.2706298828125,0.06070636212825775
258,3.9075076580047607,0.4853282570838928,0.09613996744155884,0.4831954836845398,-0.00689232861623168,-0.44274675846099854,-0.2062837928533554,-0.0325520783662796,-0.014046719297766685,-0.005250872112810612,-0.008428620174527168,-0.08871667832136154,0.9147491455078125,0.0852508544921875,921.719970703125,65.63165283203125,0.060737721621990204
259,3.8550431728363037,0.4788212180137634,0.09477996826171875,0.4762614965438843,-0.006849656812846661,-0.43992334604263306,-0.20461340248584747,-0.0453248992562294,-0.013727480545639992,-0.008535504341125488,-0.008386082947254181,-0.08893214911222458,0.9158477783203125,0.0841522216796875,889.25,62.326759338378906,0.060728974640369415
260,3.740464210510254,0.465049147605896,0.09178543090820312,0.46064454317092896,-0.006687866523861885,-0.4270677864551544,-0.19904331862926483,-0.0749162882566452,-0.014690523967146873,-0.011744790710508823,-0.008108017034828663,-0.08702555298805237,0.9153366088867188,0.08466339111328125,907.8400268554688,64.35270690917969,0.06080707162618637
261,3.849121570587158,0.4777860939502716,0.09455415606498718,0.47471433877944946,-0.006869679782539606,-0.4393309950828552,-0.20439298450946808,-0.0488513708114624,-0.013327907770872116,-0.006958553567528725,-0.0084073506295681,-0.08852977305650711,0.9158935546875,0.0841064453125,904.47998046875,64.25608825683594,0.06091541051864624
262,3.8628783226013184,0.4820007085800171,0.0951489806175232,0.477947473526001,-0.0069171590730547905,-0.442529559135437,-0.20507143437862396,-0.0427052304148674,-0.014292081817984581,-0.006592084653675556,-0.008470808155834675,-0.08983198553323746,0.9156951904296875,0.0843048095703125,920.5399780273438,65.43637084960938,0.06113479286432266
263,3.7288007736206055,0.46578067541122437,0.09201624989509583,0.46296262741088867,-0.006720065139234066,-0.4286755323410034,-0.19900277256965637,-0.0675920695066452,-0.0134627316147089,-0.00704230647534132,-0.008206303231418133,-0.08712480962276459,0.915130615234375,0.084869384765625,923.6099853515625,65.31804656982422,0.06096385046839714
264,3.8422584533691406,0.4788452088832855,0.09464739263057709,0.47618532180786133,-0.0068147312849760056,-0.43602943420410156,-0.2041090428829193,-0.059407543390989304,-0.014137868769466877,-0.006536586210131645,-0.008377036079764366,-0.0875343531370163,0.9151229858398438,0.08487701416015625,928.1900024414062,65.87220764160156,0.061070073395967484
265,3.8797130584716797,0.4839581549167633,0.09577694535255432,0.48107317090034485,-0.006958095356822014,-0.4467318058013916,-0.20636877417564392,-0.0389694906771183,-0.013427861966192722,-0.006426504347473383,-0.008557485416531563,-0.08991740643978119,0.9165267944335938,0.08347320556640625,918.469970703125,65.45996856689453,0.06123204901814461
266,3.8580613136291504,0.4807441234588623,0.09500608593225479,0.47769618034362793,-0.006925248075276613,-0.44452568888664246,-0.2044897973537445,-0.0564468577504158,-0.014913073740899563,-0.00711581576615572,-0.008533881045877934,-0.08932340145111084,0.9165573120117188,0.08344268798828125,918.8800048828125,64.76001739501953,0.0612623393535614
267,3.8579208850860596,0.4827810823917389,0.09540018439292908,0.4791806638240814,-0.006992509122937918,-0.445861279964447,-0.2066403031349182,-0.0558345690369606,-0.015511050820350647,-0.007441556081175804,-0.00854063406586647,-0.0906863659620285,0.9160614013671875,0.0839385986328125,904.3699951171875,63.210296630859375,0.061175137758255005
268,3.7374069690704346,0.46702057123184204,0.09194184839725494,0.4627920687198639,-0.006788428872823715,-0.43318620324134827,-0.20041799545288086,-0.0677083283662796,-0.013956347480416298,-0.010954276658594608,-0.008326321840286255,-0.08783537149429321,0.9146957397460938,0.08530426025390625,899.7999877929688,63.1617317199707,0.061333611607551575
269,3.83888578414917,0.48066166043281555,0.09509560465812683,0.47710126638412476,-0.0069159045815467834,-0.4419976472854614,-0.20580217242240906,-0.052974633872509,-0.015237735584378242,-0.007849616929888725,-0.008501790463924408,-0.0898677185177803,0.9155654907226562,0.08443450927734375,915.8400268554688,64.99559020996094,0.061440251767635345
270,3.7809877395629883,0.46802982687950134,0.09265024960041046,0.46561044454574585,-0.006675226613879204,-0.42887502908706665,-0.20026282966136932,-0.0951295867562294,-0.01356299128383398,-0.006207257974892855,-0.008204346522688866,-0.0879170149564743,0.915283203125,0.084716796875,914.3800048828125,65.01638793945312,0.06152651458978653
271,3.72623872756958,0.46657794713974,0.09198446571826935,0.4619207978248596,-0.006777252070605755,-0.4316638112068176,-0.2000296413898468,-0.077853724360466,-0.014765987172722816,-0.012235291302204132,-0.00825665332376957,-0.08748270571231842,0.914703369140625,0.085296630859375,901.530029296875,62.761199951171875,0.06148862466216087
272,3.8730008602142334,0.48307400941848755,0.0953289344906807,0.47978031635284424,-0.006882451940327883,-0.4407553970813751,-0.20683151483535767,-0.0305292010307312,-0.014455283991992474,-0.005245191510766745,-0.008431770838797092,-0.08923982083797455,0.915679931640625,0.084320068359375,925.75,66.11749267578125,0.06138976663351059
273,3.6290535926818848,0.4547417163848877,0.08972962200641632,0.4499935209751129,-0.006589730270206928,-0.41766557097435,-0.1942766308784485,-0.089239202439785,-0.014418554492294788,-0.012843579053878784,-0.008029467426240444,-0.08525588363409042,0.9166259765625,0.0833740234375,863.1699829101562,59.591835021972656,0.061581410467624664
274,3.889314651489258,0.4849078953266144,0.09606911242008209,0.4826042950153351,-0.006998345255851746,-0.44974231719970703,-0.2072378396987915,-0.0404110848903656,-0.017458437010645866,-0.004170026630163193,-0.00863721128553152,-0.09077998995780945,0.9160385131835938,0.08396148681640625,922.6400146484375,65.42150115966797,0.0617029070854187
275,3.8136513233184814,0.47285598516464233,0.09362170100212097,0.46938925981521606,-0.006753043737262487,-0.4332440197467804,-0.20157858729362488,-0.0578031912446022,-0.013806017115712166,-0.005499547813087702,-0.00832380261272192,-0.08764323592185974,0.9167556762695312,0.08324432373046875,908.1400146484375,64.69351959228516,0.061807647347450256
276,3.907242774963379,0.48518407344818115,0.09615477919578552,0.4820581376552582,-0.006927326321601868,-0.4435468018054962,-0.206271231174469,-0.0356367789208889,-0.014889722689986229,-0.0034817205742001534,-0.008515669032931328,-0.08950182795524597,0.9159698486328125,0.0840301513671875,927.6799926757812,65.98021697998047,0.06173279881477356
277,3.8982880115509033,0.4862847924232483,0.09624237567186356,0.4835231304168701,-0.006930737756192684,-0.43995630741119385,-0.20870286226272583,-0.0428059846162796,-0.013333162292838097,-0.006830488331615925,-0.008445401675999165,-0.08910241723060608,0.91485595703125,0.08514404296875,931.0999755859375,66.20735168457031,0.06179860606789589
278,3.907212734222412,0.48727819323539734,0.09636708348989487,0.4848954677581787,-0.00692756799980998,-0.44526994228363037,-0.20676657557487488,-0.02891780436038971,-0.015105906873941422,-0.004529701545834541,-0.008517409674823284,-0.09071041643619537,0.9146728515625,0.0853271484375,928.25,65.89654541015625,0.06169527396559715
279,3.854879379272461,0.47992265224456787,0.09510329365730286,0.47748327255249023,-0.006837313994765282,-0.43731558322906494,-0.20439472794532776,-0.0477353036403656,-0.015193491242825985,-0.008354691788554192,-0.008411236107349396,-0.0898820161819458,0.9149246215820312,0.08507537841796875,914.1099853515625,65.06084442138672,0.061588630080223083
280,3.877565860748291,0.4825073480606079,0.09554866701364517,0.48027363419532776,-0.006818666122853756,-0.4357154369354248,-0.20593802630901337,-0.0361328087747097,-0.014177273027598858,-0.004549896810203791,-0.008351415395736694,-0.08820899575948715,0.9134368896484375,0.0865631103515625,931.719970703125,66.53363037109375,0.0616859495639801
281,3.866647243499756,0.48381876945495605,0.09550073742866516,0.47946345806121826,-0.006852206774055958,-0.4345809817314148,-0.20731216669082642,-0.0438058003783226,-0.014012424275279045,-0.008691918104887009,-0.008355909958481789,-0.0891270861029625,0.9142074584960938,0.08579254150390625,931.3400268554688,66.0169448852539,0.06171998381614685
282,3.8889617919921875,0.48586636781692505,0.09651539474725723,0.4840056598186493,-0.0068609993904829025,-0.44024014472961426,-0.2062063217163086,-0.0359157919883728,-0.015834679827094078,-0.0010365389753133059,-0.008481301367282867,-0.0897168442606926,0.9153060913085938,0.08469390869140625,932.1799926757812,66.51725006103516,0.06185798719525337
283,3.8748323917388916,0.48342764377593994,0.095770463347435,0.48133325576782227,-0.006797569803893566,-0.4341336488723755,-0.2050250768661499,-0.0365668386220932,-0.015361476689577103,-0.004303339868783951,-0.008362360298633575,-0.0882444977760315,0.9152679443359375,0.0847320556640625,932.969970703125,66.4256362915039,0.06179451197385788
284,3.8126349449157715,0.47719740867614746,0.09445644170045853,0.4746639132499695,-0.006678200326859951,-0.42589735984802246,-0.2023182511329651,-0.0503472201526165,-0.014931609854102135,-0.007130283862352371,-0.008217085152864456,-0.08724794536828995,0.9158401489257812,0.08415985107421875,906.0800170898438,63.671112060546875,0.06181750446557999
285,3.818620443344116,0.477435439825058,0.09445313364267349,0.4752296507358551,-0.0067219496704638,-0.42839398980140686,-0.20236901938915253,-0.0468904972076416,-0.014365889132022858,-0.005362646654248238,-0.008311651647090912,-0.08851128816604614,0.91632080078125,0.08367919921875,923.4600219726562,65.8857650756836,0.06182326748967171
286,3.7422571182250977,0.4707651138305664,0.09256996214389801,0.4662175178527832,-0.0066443076357245445,-0.4196011424064636,-0.20135706663131714,-0.066266730427742,-0.015231192111968994,-0.011878566816449165,-0.008128107525408268,-0.08715881407260895,0.9150161743164062,0.08498382568359375,919.3499755859375,65.28043365478516,0.061896439641714096
287,3.9215822219848633,0.4882413148880005,0.09688695520162582,0.48532116413116455,-0.006768808700144291,-0.43306803703308105,-0.2063358575105667,-0.0275297611951828,-0.013561191968619823,-0.0030715065076947212,-0.008364059031009674,-0.08781422674655914,0.91412353515625,0.08587646484375,935.3499755859375,67.22682189941406,0.061926212161779404
288,3.7932724952697754,0.47444361448287964,0.09391035884618759,0.47202247381210327,-0.006628039292991161,-0.4197516441345215,-0.20041468739509583,-0.0490141324698925,-0.013982798904180527,-0.006809178739786148,-0.008129452355206013,-0.0861702561378479,0.9142990112304688,0.08570098876953125,913.2899780273438,65.03175354003906,0.062153179198503494
289,3.9496688842773438,0.49000728130340576,0.09722757339477539,0.48799920082092285,-0.006781210191547871,-0.43482714891433716,-0.20702144503593445,-0.0333891361951828,-0.015084883198142052,-0.002674846211448312,-0.008410798385739326,-0.08862720429897308,0.91461181640625,0.08538818359375,933.530029296875,66.61392974853516,0.06231186166405678
290,3.7370553016662598,0.46902525424957275,0.09245651960372925,0.4660224914550781,-0.006545943208038807,-0.41380876302719116,-0.19950716197490692,-0.0604306124150753,-0.015153525397181511,-0.009874778799712658,-0.008065823465585709,-0.08436618745326996,0.9163818359375,0.0836181640625,912.1400146484375,64.27318572998047,0.06244170665740967
291,3.9431519508361816,0.490989625453949,0.09735839068889618,0.48874080181121826,-0.006787067744880915,-0.43397295475006104,-0.206848606467247,-0.0384114533662796,-0.013444156385958195,-0.0036920644342899323,-0.008420920930802822,-0.08909855782985687,0.91729736328125,0.08270263671875,946.2000122070312,68.10700225830078,0.06256543099880219
292,3.828368663787842,0.4797038733959198,0.09504115581512451,0.4770667254924774,-0.006624783389270306,-0.4228951930999756,-0.20213539898395538,-0.0472005158662796,-0.014862172305583954,-0.004810938611626625,-0.008228283375501633,-0.08640691637992859,0.91845703125,0.08154296875,935.6300048828125,66.45795440673828,0.06252812594175339
293,3.9644675254821777,0.49144119024276733,0.09739291667938232,0.48925766348838806,-0.006819861009716988,-0.43620580434799194,-0.20760877430438995,-0.02460007183253765,-0.015287422575056553,-0.004350244998931885,-0.008448055014014244,-0.08876171708106995,0.9189910888671875,0.0810089111328125,945.9299926757812,68.39472961425781,0.062282927334308624
294,3.8687267303466797,0.4836336374282837,0.09564073383808136,0.4816349744796753,-0.006677142344415188,-0.42415982484817505,-0.2045724093914032,-0.0337146520614624,-0.014888592064380646,-0.005272256676107645,-0.008259295485913754,-0.08862360566854477,0.9199981689453125,0.0800018310546875,938.2000122070312,66.93903350830078,0.06226884946227074
295,3.923736095428467,0.48791155219078064,0.097055584192276,0.4867646098136902,-0.006703305058181286,-0.430626779794693,-0.20517970621585846,-0.0292968712747097,-0.015441234223544598,-0.002073082374408841,-0.008351217024028301,-0.08771838992834091,0.9204788208007812,0.07952117919921875,933.989990234375,67.17245483398438,0.06234067678451538
296,3.821155548095703,0.47810930013656616,0.09480298310518265,0.475455641746521,-0.006550009828060865,-0.4200196862220764,-0.2006586492061615,-0.04639516770839691,-0.015485402196645737,-0.003108999924734235,-0.008157959207892418,-0.08618607372045517,0.921905517578125,0.078094482421875,906.8099975585938,64.29486083984375,0.06245541572570801
297,3.8343565464019775,0.48212969303131104,0.09569953382015228,0.48043322563171387,-0.006614690646529198,-0.42339998483657837,-0.20137661695480347,-0.0455651618540287,-0.01672491244971752,-0.003049721010029316,-0.008236061781644821,-0.08703280985355377,0.9227981567382812,0.07720184326171875,912.5399780273438,64.94625854492188,0.06240068003535271
298,3.8283281326293945,0.47849899530410767,0.09476973116397858,0.4769371747970581,-0.0066328817047178745,-0.42296475172042847,-0.20145976543426514,-0.0397600419819355,-0.016704505309462547,-0.0063367439433932304,-0.00821656733751297,-0.08714953064918518,0.9256591796875,0.0743408203125,914.7100219726562,64.94841766357422,0.06238998845219612
299,3.8537113666534424,0.4869447350502014,0.09620305895805359,0.4809330105781555,-0.0067913285456597805,-0.43089941143989563,-0.206276535987854,-0.0292968712747097,-0.017294056713581085,-0.006079626269638538,-0.008402316831052303,-0.08918704092502594,0.9270858764648438,0.07291412353515625,919.5,64.53882598876953,0.06233907490968704
300,3.960648536682129,0.4940597414970398,0.09804797172546387,0.4920809268951416,-0.006765230558812618,-0.43250608444213867,-0.20768535137176514,-0.01139322854578495,-0.015281101688742638,-0.0023874666076153517,-0.008418740704655647,-0.08855698257684708,0.9287872314453125,0.0712127685546875,941.9500122070312,67.8950424194336,0.06223561614751816
301,3.7876360416412354,0.47485440969467163,0.09427492320537567,0.4729331135749817,-0.006570644676685333,-0.42079073190689087,-0.19881857931613922,-0.0638020783662796,-0.01860533282160759,-0.0028473730199038982,-0.00819995254278183,-0.0853443294763565,0.9307861328125,0.0692138671875,935.5999755859375,66.42509460449219,0.062382280826568604
302,3.8216609954833984,0.4779917001724243,0.09474718570709229,0.4754476845264435,-0.006591698154807091,-0.42108720541000366,-0.20062822103500366,-0.0361793115735054,-0.015606501139700413,-0.003550678724423051,-0.008235927671194077,-0.08709685504436493,0.9317092895507812,0.06829071044921875,911.75,64.74877166748047,0.0623452253639698
303,3.882129669189453,0.4865603744983673,0.09676796197891235,0.4842226505279541,-0.006651428993791342,-0.4263821840286255,-0.20329277217388153,-0.02022879384458065,-0.01627255231142044,-0.0006181978969834745,-0.008328513242304325,-0.08584441244602203,0.9322738647460938,0.06772613525390625,943.7100219726562,67.7872085571289,0.06230894476175308
304,3.8757975101470947,0.48430395126342773,0.0962420403957367,0.4830018877983093,-0.006617760751396418,-0.4229696989059448,-0.20295876264572144,-0.0340169221162796,-0.016537390649318695,-0.0024031593929976225,-0.0082673579454422,-0.08566954731941223,0.9336929321289062,0.06630706787109375,922.4600219726562,66.10758209228516,0.062338244169950485
305,3.968622922897339,0.49603021144866943,0.09853537380695343,0.49435457587242126,-0.0067678773775696754,-0.43280696868896484,-0.20676299929618835,-0.013671874068677425,-0.01613975316286087,-0.0008818941423669457,-0.008463067933917046,-0.08725534379482269,0.935638427734375,0.064361572265625,949.510009765625,68.42457580566406,0.06254582107067108
306,3.9085659980773926,0.48631733655929565,0.0966114029288292,0.4844138026237488,-0.00661016721278429,-0.4215148985385895,-0.20400577783584595,-0.02913411147892475,-0.01616079732775688,-0.0034656431525945663,-0.008209805004298687,-0.08525995165109634,0.93829345703125,0.06170654296875,921.7999877929688,65.88906860351562,0.06285461783409119
307,3.8031351566314697,0.47645652294158936,0.09425260126590729,0.47428929805755615,-0.006487887352705002,-0.41198301315307617,-0.2008034586906433,-0.0524088516831398,-0.01438805740326643,-0.0065371328964829445,-0.008054550737142563,-0.08631229400634766,0.9385147094726562,0.06148529052734375,911.6300048828125,64.59798431396484,0.06270035356283188
308,3.8296947479248047,0.4786144495010376,0.09502626955509186,0.47732970118522644,-0.006499115377664566,-0.41499993205070496,-0.20125249028205872,-0.0585937425494194,-0.016486698761582375,-0.0022736494429409504,-0.008106179535388947,-0.0853748619556427,0.938385009765625,0.061614990234375,931.6099853515625,66.53689575195312,0.06273746490478516
309,3.9827120304107666,0.4947545528411865,0.0983225405216217,0.4930836260318756,-0.006760123185813427,-0.43340811133384705,-0.2078610211610794,-0.0200970359146595,-0.017661534249782562,-0.0025999851059168577,-0.008444681763648987,-0.08745257556438446,0.938934326171875,0.061065673828125,947.1699829101562,68.08409881591797,0.0626426711678505
310,3.848483085632324,0.48314642906188965,0.09572873264551163,0.48039960861206055,-0.006682081148028374,-0.4241502583026886,-0.20339645445346832,-0.0516183003783226,-0.01573360525071621,-0.007438118569552898,-0.008319069631397724,-0.08720158040523529,0.9397430419921875,0.0602569580078125,936.4299926757812,66.54361724853516,0.0628531277179718
311,3.8462812900543213,0.4856968820095062,0.095976322889328,0.4823370575904846,-0.006641697138547897,-0.4195665121078491,-0.20466142892837524,-0.0385974682867527,-0.015068022534251213,-0.005169022362679243,-0.008220460265874863,-0.08677311986684799,0.9397811889648438,0.06021881103515625,925.75,65.24903106689453,0.06283244490623474
312,3.9554014205932617,0.49555304646492004,0.0983600839972496,0.49341872334480286,-0.006749879568815231,-0.42983555793762207,-0.20744282007217407,-0.01139322854578495,-0.015706203877925873,-0.002375376410782337,-0.00844329223036766,-0.08666355907917023,0.940582275390625,0.059417724609375,949.6699829101562,68.278076171875,0.06261280179023743
313,3.851597785949707,0.4826834797859192,0.09576034545898438,0.48042190074920654,-0.006575960665941238,-0.4172857403755188,-0.2031857669353485,-0.0436197891831398,-0.014471886679530144,-0.004159525968134403,-0.008165430277585983,-0.08557131141424179,0.9415740966796875,0.0584259033203125,930.6400146484375,65.7312240600586,0.06261186301708221
314,3.8544812202453613,0.482296884059906,0.09564502537250519,0.4804990887641907,-0.006531143561005592,-0.4158180356025696,-0.20209912955760956,-0.0366753451526165,-0.01445683278143406,-0.003205449553206563,-0.008151339367032051,-0.08490657061338425,0.9416351318359375,0.0583648681640625,925.3800048828125,66.3291015625,0.06255756318569183
315,3.8706488609313965,0.4889379143714905,0.0964394062757492,0.48586422204971313,-0.006683412939310074,-0.4223966598510742,-0.20521149039268494,-0.0228949636220932,-0.013550885021686554,-0.005553171969950199,-0.008309700526297092,-0.08692170679569244,0.9423294067382812,0.05767059326171875,938.989990234375,67.24676513671875,0.06275827437639236
316,3.8886265754699707,0.489031046628952,0.09663856029510498,0.4862445592880249,-0.0066194478422403336,-0.4201514720916748,-0.20527143776416779,-0.02815754897892475,-0.013644535094499588,-0.004454766400158405,-0.008297515101730824,-0.08622068911790848,0.94451904296875,0.05548095703125,940.02001953125,67.29246520996094,0.06270977854728699
317,3.8588085174560547,0.48384204506874084,0.09593655169010162,0.48164600133895874,-0.0066063543781638145,-0.4207535684108734,-0.20370236039161682,-0.0517113022506237,-0.014163111336529255,-0.0036005014553666115,-0.008264882490038872,-0.0852692574262619,0.9440994262695312,0.05590057373046875,916.1699829101562,64.98426055908203,0.0628298819065094
318,3.881011486053467,0.4873410165309906,0.0968170315027237,0.4852595329284668,-0.006618952844291925,-0.4215286672115326,-0.20392242074012756,-0.0218098945915699,-0.01543702743947506,-0.0037814704701304436,-0.008312745951116085,-0.08445613086223602,0.9434432983398438,0.05655670166015625,931.6199951171875,66.38382720947266,0.06304159760475159
319,3.808652877807617,0.4771171808242798,0.09469009190797806,0.47474735975265503,-0.006468558683991432,-0.41052281856536865,-0.20062443614006042,-0.04215564951300621,-0.014458524994552135,-0.003505612490698695,-0.00809335708618164,-0.08264952898025513,0.9435348510742188,0.05646514892578125,930.5,66.59657287597656,0.06317760050296783
320,3.847492218017578,0.4818570613861084,0.09550590813159943,0.4795556664466858,-0.006530821789056063,-0.41450726985931396,-0.20234274864196777,-0.0589425154030323,-0.014600234106183052,-0.0045020077377557755,-0.00818611215800047,-0.08431179821491241,0.9435577392578125,0.0564422607421875,912.5900268554688,64.7327880859375,0.06315143406391144
321,3.8806512355804443,0.48329123854637146,0.09570671617984772,0.4809756278991699,-0.006528573110699654,-0.4147389531135559,-0.20396417379379272,-0.0391865037381649,-0.014330387115478516,-0.0037543384823948145,-0.00815698690712452,-0.08379454910755157,0.9427337646484375,0.0572662353515625,925.6500244140625,66.43533325195312,0.06312470883131027
322,3.815776824951172,0.4803009629249573,0.09508010745048523,0.47686320543289185,-0.006500407587736845,-0.41297686100006104,-0.20194227993488312,-0.04186958819627762,-0.014399142004549503,-0.004840430337935686,-0.008174874819815159,-0.08429908007383347,0.9415054321289062,0.05849456787109375,924.97998046875,65.95511627197266,0.06307442486286163
323,3.8095364570617676,0.47741204500198364,0.09436918050050735,0.4739295244216919,-0.006547095254063606,-0.41423892974853516,-0.2011544108390808,-0.0608723908662796,-0.015385942533612251,-0.009489165619015694,-0.008185823448002338,-0.08452887088060379,0.9416122436523438,0.05838775634765625,932.5800170898438,66.66195678710938,0.06313829123973846
324,3.9576549530029297,0.49300479888916016,0.09801506996154785,0.49176138639450073,-0.006683683022856712,-0.4244815707206726,-0.20716077089309692,-0.0242513008415699,-0.014551864936947823,-0.0031460928730666637,-0.008363351225852966,-0.08625207841396332,0.94146728515625,0.05853271484375,940.6699829101562,67.6742172241211,0.06310838460922241
325,3.7786436080932617,0.474851131439209,0.09394294023513794,0.47160792350769043,-0.00650178175419569,-0.41238099336624146,-0.1998940110206604,-0.0476190447807312,-0.015190939418971539,-0.006947123445570469,-0.008122220635414124,-0.08402632176876068,0.9410324096679688,0.05896759033203125,895.6099853515625,63.05887222290039,0.06311516463756561
326,3.896174430847168,0.48740074038505554,0.09660537540912628,0.4852210283279419,-0.006617536768317223,-0.42001932859420776,-0.2049255669116974,-0.0295138880610466,-0.014538074843585491,-0.006031260825693607,-0.008280597627162933,-0.08588697761297226,0.939971923828125,0.060028076171875,948.739990234375,68.07795715332031,0.06307225674390793
327,3.8549084663391113,0.4861171245574951,0.09620526432991028,0.4838370382785797,-0.006668119225651026,-0.4247405230998993,-0.20520788431167603,-0.0363498218357563,-0.016671542078256607,-0.004480801988393068,-0.008349493145942688,-0.08562643080949783,0.94097900390625,0.05902099609375,941.3200073242188,67.22823333740234,0.06330534815788269
328,3.790151596069336,0.4753738045692444,0.09413442015647888,0.47228798270225525,-0.006526919547468424,-0.4117705821990967,-0.20100897550582886,-0.0581054650247097,-0.016563773155212402,-0.0072011216543614864,-0.008122194558382034,-0.08290228247642517,0.9407196044921875,0.0592803955078125,897.8699951171875,63.7059440612793,0.0633290484547615
329,3.8765902519226074,0.48806288838386536,0.09651987254619598,0.48341503739356995,-0.0066886041313409805,-0.42119282484054565,-0.2053021639585495,-0.0462239533662796,-0.014837796799838543,-0.0071738711558282375,-0.008334617130458355,-0.08561332523822784,0.9399185180664062,0.06008148193359375,944.02001953125,66.67766571044922,0.06314738094806671
330,3.9026567935943604,0.48539111018180847,0.09628129005432129,0.4843343496322632,-0.006593571975827217,-0.4187586009502411,-0.20338386297225952,-0.0358227901160717,-0.01375867985188961,-0.0028725943993777037,-0.00825520046055317,-0.08523297309875488,0.9390106201171875,0.0609893798828125,918.25,65.91499328613281,0.06334257125854492
331,3.824195623397827,0.4795282483100891,0.09492277354001999,0.47657644748687744,-0.006623691413551569,-0.41771626472473145,-0.20161300897598267,-0.057927198708057404,-0.014964116737246513,-0.007823782972991467,-0.008293790742754936,-0.08461324870586395,0.9385223388671875,0.0614776611328125,924.77001953125,65.19296264648438,0.0634576603770256
332,3.9135220050811768,0.48767977952957153,0.0967363715171814,0.4861017167568207,-0.00664107920601964,-0.4190194606781006,-0.20578812062740326,-0.0307617150247097,-0.014465512707829475,-0.004064397886395454,-0.008255880326032639,-0.08392249047756195,0.9382705688476562,0.06172943115234375,927.6799926757812,66.53182220458984,0.0635388121008873
333,3.828343391418457,0.4803375005722046,0.09522280842065811,0.47659605741500854,-0.00656268373131752,-0.41493529081344604,-0.20172807574272156,-0.0432942695915699,-0.014204645529389381,-0.005497084464877844,-0.008181881159543991,-0.08563047647476196,0.937835693359375,0.062164306640625,917.1199951171875,65.10321807861328,0.06365451216697693
334,3.8956027030944824,0.4862788915634155,0.09648719429969788,0.4844571650028229,-0.006671661976724863,-0.4251047968864441,-0.2045716792345047,-0.0295526385307312,-0.016389284282922745,-0.004223682451993227,-0.008389912545681,-0.0844295471906662,0.9369888305664062,0.06301116943359375,949.0599975585938,68.3919448852539,0.06381499767303467
335,3.8998806476593018,0.48675280809402466,0.09650067985057831,0.48499178886413574,-0.006692637223750353,-0.42490944266319275,-0.20435300469398499,-0.0383184477686882,-0.014414498582482338,-0.0031683784909546375,-0.008368545211851597,-0.08625610172748566,0.9364013671875,0.0635986328125,938.4400024414062,67.48619079589844,0.06383784115314484
336,3.8357889652252197,0.4829487204551697,0.09534095227718353,0.4788557291030884,-0.006709611974656582,-0.41969355940818787,-0.20432555675506592,-0.0561445876955986,-0.015375535935163498,-0.0101352883502841,-0.008324497379362583,-0.08518725633621216,0.9354019165039062,0.06459808349609375,922.0999755859375,65.63013458251953,0.06400404125452042
337,3.8427653312683105,0.47957414388656616,0.09484249353408813,0.4761928915977478,-0.006620139814913273,-0.41555917263031006,-0.20365026593208313,-0.0345052033662796,-0.01419056300073862,-0.006646911613643169,-0.008237382397055626,-0.08497951924800873,0.93560791015625,0.06439208984375,917.52001953125,65.4641342163086,0.0641213059425354
338,3.831467390060425,0.48065078258514404,0.0948251411318779,0.47725343704223633,-0.006664671469479799,-0.41950029134750366,-0.20298880338668823,-0.0505487285554409,-0.015175051987171173,-0.007466361857950687,-0.008251038379967213,-0.08522438257932663,0.9356155395507812,0.06438446044921875,917.0700073242188,65.34815216064453,0.06417214870452881
339,3.8955812454223633,0.4863032102584839,0.09630577266216278,0.48354363441467285,-0.006724389269948006,-0.42687472701072693,-0.2040432095527649,-0.03013392724096775,-0.015089120715856552,-0.005620979238301516,-0.00839761272072792,-0.08634917438030243,0.9353256225585938,0.06467437744140625,930.2899780273438,66.49832916259766,0.06402622163295746
340,3.837491989135742,0.4800616502761841,0.09501218050718307,0.4769901931285858,-0.0066565703600645065,-0.42066991329193115,-0.20316047966480255,-0.0445963516831398,-0.014928684569895267,-0.005025454796850681,-0.008312453515827656,-0.08549533784389496,0.9358444213867188,0.06415557861328125,934.1900024414062,66.43727111816406,0.06394314765930176
341,3.868490219116211,0.48252442479133606,0.09550569951534271,0.48046204447746277,-0.006722581572830677,-0.4216737747192383,-0.2042396366596222,-0.0480918250977993,-0.012955429963767529,-0.005454200319945812,-0.00833203922957182,-0.08510686457157135,0.9359283447265625,0.0640716552734375,920.3300170898438,65.43499755859375,0.0639788955450058
342,3.906223773956299,0.4880192279815674,0.09668873250484467,0.48543715476989746,-0.0067306505516171455,-0.4256046414375305,-0.20491424202919006,-0.0289713516831398,-0.013706840574741364,-0.005171352066099644,-0.008424496278166771,-0.08500619232654572,0.9351730346679688,0.06482696533203125,936.47998046875,67.3333740234375,0.06403747200965881
343,3.842535972595215,0.47786375880241394,0.09425269812345505,0.47504791617393494,-0.006593930535018444,-0.41589534282684326,-0.20217956602573395,-0.0535714253783226,-0.015168359503149986,-0.00941048189997673,-0.008173678070306778,-0.0834835022687912,0.9344711303710938,0.06552886962890625,935.4000244140625,67.21141052246094,0.06405085325241089
344,3.899559497833252,0.4855305552482605,0.09622646123170853,0.48381534218788147,-0.006728008389472961,-0.426615834236145,-0.20413047075271606,-0.029482882469892502,-0.014293747022747993,-0.005479196552187204,-0.008423108607530594,-0.08488349616527557,0.9339599609375,0.0660400390625,939.719970703125,67.421875,0.06414623558521271
345,3.6580193042755127,0.4610835015773773,0.09079612791538239,0.45681238174438477,-0.006471522152423859,-0.40572869777679443,-0.19432178139686584,-0.09742371737957001,-0.01607253961265087,-0.012006957083940506,-0.008079390972852707,-0.08348727226257324,0.9339218139648438,0.06607818603515625,901.7100219726562,63.682525634765625,0.0643378347158432
346,3.7771999835968018,0.4718655049800873,0.09342913329601288,0.46880340576171875,-0.00658634677529335,-0.417337030172348,-0.19814172387123108,-0.0774196982383728,-0.013920847326517105,-0.007896623574197292,-0.008221914991736412,-0.0840715616941452,0.9313735961914062,0.06862640380859375,905.8200073242188,64.01104736328125,0.06428273022174835
347,3.9755001068115234,0.49050605297088623,0.09745617210865021,0.488608181476593,-0.006760424003005028,-0.43035054206848145,-0.2062160074710846,-0.02099609188735485,-0.013686246238648891,-0.0023146828170865774,-0.008487679064273834,-0.08543339371681213,0.9313812255859375,0.0686187744140625,942.1300048828125,68.47917938232422,0.06425407528877258
348,3.6843061447143555,0.46279391646385193,0.09102834761142731,0.45768308639526367,-0.0064677344635128975,-0.4009394645690918,-0.19662505388259888,-0.0843098908662796,-0.013207652606070042,-0.015518803149461746,-0.007975902408361435,-0.08143790811300278,0.9314422607421875,0.0685577392578125,903.52001953125,63.638519287109375,0.06406845897436142
349,3.831418037414551,0.4787622094154358,0.09467000514268875,0.473085880279541,-0.006671198643743992,-0.41996848583221436,-0.20343314111232758,-0.0457124225795269,-0.018858496099710464,-0.005945487879216671,-0.008320348337292671,-0.0839870423078537,0.9313812255859375,0.0686187744140625,917.9000244140625,65.85404205322266,0.0641503632068634
350,3.8812685012817383,0.48553958535194397,0.09616479277610779,0.48259902000427246,-0.0067880041897296906,-0.4304922819137573,-0.20353537797927856,-0.0368071012198925,-0.014666489325463772,-0.004893898963928223,-0.008531218394637108,-0.08563971519470215,0.9321060180664062,0.06789398193359375,930.3499755859375,66.29566192626953,0.06413744390010834
351,3.857266426086426,0.4785306453704834,0.0947638601064682,0.4757550060749054,-0.006592715159058571,-0.41697561740875244,-0.20044755935668945,-0.0514555387198925,-0.01374888140708208,-0.005401839967817068,-0.008222881704568863,-0.08298318833112717,0.9327239990234375,0.0672760009765625,913.5599975585938,65.28109741210938,0.06422033160924911
352,3.797779083251953,0.4758894145488739,0.0941479355096817,0.4728054404258728,-0.006585714872926474,-0.41704457998275757,-0.19996997714042664,-0.0490373820066452,-0.014490244910120964,-0.010435322299599648,-0.008286723867058754,-0.0822976678609848,0.9335556030273438,0.06644439697265625,922.25,65.60116577148438,0.06422673165798187
353,3.8806610107421875,0.48617562651634216,0.09627272933721542,0.48199573159217834,-0.006869104225188494,-0.43204453587532043,-0.20515437424182892,-0.0351019948720932,-0.01428978331387043,-0.006284010596573353,-0.008560359477996826,-0.08573451638221741,0.9333267211914062,0.06667327880859375,927.7999877929688,65.96932220458984,0.06440659612417221
354,3.782548427581787,0.4726964235305786,0.09353522956371307,0.46958762407302856,-0.006536543369293213,-0.4106368124485016,-0.19887396693229675,-0.0620039626955986,-0.014575530774891376,-0.007808482274413109,-0.008146914653480053,-0.08263731747865677,0.9319839477539062,0.06801605224609375,912.0900268554688,64.6441421508789,0.06437752395868301
355,3.8660404682159424,0.47916045784950256,0.095088429749012,0.4768897294998169,-0.006685564294457436,-0.4261152744293213,-0.20038241147994995,-0.0345284566283226,-0.013051318004727364,-0.004134755581617355,-0.008412808179855347,-0.08394671231508255,0.9313430786132812,0.06865692138671875,903.3099975585938,64.53824615478516,0.06444530189037323
356,3.9624032974243164,0.493948370218277,0.09783695638179779,0.49286743998527527,-0.0068544652312994,-0.435055673122406,-0.20763640105724335,-0.0096028633415699,-0.013622904196381569,-0.003352113999426365,-0.008598076179623604,-0.0860467404127121,0.9327392578125,0.0672607421875,947.1300048828125,68.31942749023438,0.06426319479942322
357,3.773040771484375,0.47459179162979126,0.09385312348604202,0.4717040956020355,-0.006575682200491428,-0.4158995747566223,-0.19865679740905762,-0.0536256805062294,-0.012769829481840134,-0.005008373409509659,-0.008281884714961052,-0.08244980126619339,0.9325332641601562,0.06746673583984375,919.6199951171875,65.48416137695312,0.06440681964159012
358,3.7438113689422607,0.4662784934043884,0.09221044182777405,0.46314817667007446,-0.006577915046364069,-0.41443637013435364,-0.19704243540763855,-0.0633370503783226,-0.015108443796634674,-0.008667388930916786,-0.008180078119039536,-0.08465521782636642,0.9313735961914062,0.06862640380859375,902.3900146484375,64.20354461669922,0.06419134140014648
359,3.803518533706665,0.47543495893478394,0.09397851675748825,0.47273361682891846,-0.006554821971803904,-0.41207578778266907,-0.19968634843826294,-0.055594302713871,-0.013648845255374908,-0.005691383965313435,-0.008150741457939148,-0.0825767070055008,0.9312667846679688,0.06873321533203125,910.3300170898438,64.91278076171875,0.06446877121925354
360,3.7396128177642822,0.4675613045692444,0.09233947098255157,0.46549928188323975,-0.0064756544306874275,-0.40731433033943176,-0.19649389386177063,-0.061941958963871,-0.012872782535851002,-0.008614310063421726,-0.008101854473352432,-0.08171726763248444,0.9307403564453125,0.0692596435546875,909.5499877929688,64.79329681396484,0.06446529179811478
361,3.8130242824554443,0.47577935457229614,0.0943903848528862,0.4729200601577759,-0.006607525050640106,-0.4174184203147888,-0.19925245642662048,-0.0485026016831398,-0.015007851645350456,-0.005413714796304703,-0.008290301077067852,-0.08265715092420578,0.9315719604492188,0.06842803955078125,912.4400024414062,64.82955169677734,0.06454752385616302
362,3.8372159004211426,0.48376429080963135,0.09566575288772583,0.479117214679718,-0.0067276256158947945,-0.42156165838241577,-0.20334069430828094,-0.0565011128783226,-0.015420731157064438,-0.008872405625879765,-0.008430173620581627,-0.08427850902080536,0.9310226440429688,0.06897735595703125,935.6699829101562,66.46635437011719,0.06447663903236389
363,3.8815011978149414,0.48643991351127625,0.09629977494478226,0.4811272621154785,-0.00677650747820735,-0.4253304898738861,-0.2042883336544037,-0.0445963516831398,-0.01508968137204647,-0.009473511949181557,-0.008518334478139877,-0.08394286036491394,0.930877685546875,0.069122314453125,926.8300170898438,66.10574340820312,0.06438624858856201
364,3.8484323024749756,0.4812275171279907,0.09537355601787567,0.4793929159641266,-0.0066917287185788155,-0.42522403597831726,-0.20079171657562256,-0.0363498218357563,-0.014681078493595123,-0.003979673609137535,-0.008486861363053322,-0.08428631722927094,0.9308395385742188,0.06916046142578125,942.7999877929688,67.83760070800781,0.06439629942178726
365,3.910036087036133,0.4869386553764343,0.09653627127408981,0.48488831520080566,-0.006722800433635712,-0.42437517642974854,-0.203364759683609,-0.0303819440305233,-0.013782148249447346,-0.004035034216940403,-0.008438569493591785,-0.08478926122188568,0.9308242797851562,0.06917572021484375,934.9000244140625,67.23452758789062,0.06438751518726349
366,3.9710335731506348,0.4948713779449463,0.09800172597169876,0.493399977684021,-0.006813580170273781,-0.43114110827445984,-0.206210196018219,-0.020151287317276,-0.01381839718669653,-0.0037380338180810213,-0.008617285639047623,-0.08623699843883514,0.9310836791992188,0.06891632080078125,947.3200073242188,68.38823699951172,0.06452357769012451
367,3.9453935623168945,0.48985493183135986,0.09719914197921753,0.48779529333114624,-0.006729901302605867,-0.42622530460357666,-0.20542430877685547,-0.0331721194088459,-0.01433552522212267,-0.004126441664993763,-0.00845988281071186,-0.08413758128881454,0.9310150146484375,0.0689849853515625,943.6099853515625,67.64470672607422,0.0647238940000534
368,3.8769099712371826,0.4828900396823883,0.09538167715072632,0.4796236753463745,-0.0067186844535171986,-0.4225102365016937,-0.20339541137218475,-0.0464099682867527,-0.015150613151490688,-0.008898369036614895,-0.008380027487874031,-0.08486053347587585,0.93133544921875,0.06866455078125,922.3599853515625,65.679443359375,0.06485413759946823
369,3.8187899589538574,0.47657647728919983,0.09448517113924026,0.47390079498291016,-0.006567620672285557,-0.4150742292404175,-0.19928139448165894,-0.0492001436650753,-0.015943817794322968,-0.0031610243022441864,-0.008251173421740532,-0.08231708407402039,0.9307098388671875,0.0692901611328125,914.0700073242188,65.7957534790039,0.06493619084358215
370,3.847439765930176,0.48236197233200073,0.09543381631374359,0.4796082079410553,-0.006681191269308329,-0.42233890295028687,-0.20211729407310486,-0.0371093712747097,-0.016003333032131195,-0.004483090713620186,-0.008446400985121727,-0.08436377346515656,0.9300537109375,0.0699462890625,909.010009765625,64.29920959472656,0.06500232219696045
371,3.8432888984680176,0.4806429445743561,0.09511232376098633,0.4781178832054138,-0.0066090114414691925,-0.4185304045677185,-0.20063501596450806,-0.0552920326590538,-0.015333525836467743,-0.006188611499965191,-0.008327498100697994,-0.08502648025751114,0.9292678833007812,0.07073211669921875,925.0599975585938,65.71760559082031,0.06498599052429199
372,3.8129563331604004,0.47631019353866577,0.09427177160978317,0.4747495651245117,-0.006562200840562582,-0.41502535343170166,-0.19953110814094543,-0.0446738563477993,-0.014398206025362015,-0.006622318644076586,-0.008250189945101738,-0.0829806849360466,0.9286041259765625,0.0713958740234375,912.0999755859375,64.87284088134766,0.06509248912334442
373,3.9536890983581543,0.49213698506355286,0.09770748019218445,0.4900059103965759,-0.0067635709419846535,-0.4305005967617035,-0.20562586188316345,-0.027498759329319,-0.014302573166787624,-0.001817404292523861,-0.008571743965148926,-0.08494178205728531,0.9283828735351562,0.07161712646484375,942.9400024414062,67.73931121826172,0.0651310533285141
374,3.9078149795532227,0.48577117919921875,0.09639221429824829,0.4839370548725128,-0.006674548611044884,-0.4245276153087616,-0.2028341144323349,-0.0319475419819355,-0.014138784259557724,-0.004501897841691971,-0.008429236710071564,-0.08342665433883667,0.9281158447265625,0.0718841552734375,933.6300048828125,67.1848373413086,0.06515403836965561
375,3.891460657119751,0.48611706495285034,0.0962342619895935,0.4837948679924011,-0.0067337993532419205,-0.42704182863235474,-0.20262929797172546,-0.040480837225914,-0.015492522157728672,-0.005261548794806004,-0.008484515361487865,-0.08440698683261871,0.928619384765625,0.071380615234375,914.02001953125,65.1438980102539,0.06519868969917297
376,3.8460984230041504,0.4818956255912781,0.0954754427075386,0.4792727828025818,-0.006647548172622919,-0.4210057258605957,-0.20095323026180267,-0.0495256669819355,-0.014207666739821434,-0.005594688467681408,-0.00838354043662548,-0.08361302316188812,0.9300155639648438,0.06998443603515625,933.8300170898438,66.58826446533203,0.0652504563331604
377,3.88688325881958,0.4859502911567688,0.09606081992387772,0.48209941387176514,-0.006704796105623245,-0.42409366369247437,-0.2038532942533493,-0.0332961305975914,-0.013801521621644497,-0.005430632270872593,-0.008464718237519264,-0.08463488519191742,0.9301528930664062,0.06984710693359375,921.0499877929688,65.56739807128906,0.06534647941589355
378,3.890681028366089,0.4838753044605255,0.09573328495025635,0.4809146523475647,-0.006696256808936596,-0.423711895942688,-0.20246517658233643,-0.0433950237929821,-0.013978062197566032,-0.007154128048568964,-0.008432190865278244,-0.0837673470377922,0.9299087524414062,0.07009124755859375,917.7100219726562,65.21212768554688,0.06549335271120071
379,3.796666145324707,0.4734618067741394,0.0935090184211731,0.4693341553211212,-0.006633229553699493,-0.4180689752101898,-0.1981995552778244,-0.064670130610466,-0.01571345329284668,-0.010519979521632195,-0.008300365880131721,-0.08244327455759048,0.92938232421875,0.07061767578125,908.8900146484375,64.35887908935547,0.0657416358590126
380,3.948671340942383,0.49066129326820374,0.09725059568881989,0.4886535406112671,-0.006761055439710617,-0.43388357758522034,-0.20291125774383545,-0.0212363563477993,-0.014418537728488445,-0.004190575331449509,-0.008640294894576073,-0.08577913045883179,0.9297027587890625,0.0702972412109375,944.8699951171875,67.90177917480469,0.06553402543067932
381,3.90157413482666,0.4821946620941162,0.0956023782491684,0.4803825318813324,-0.006572270300239325,-0.41895154118537903,-0.2001347541809082,-0.0402560718357563,-0.013328528963029385,-0.005828534252941608,-0.00831561628729105,-0.08138611912727356,0.930511474609375,0.069488525390625,920.2000122070312,66.70158386230469,0.06560492515563965
382,3.968924045562744,0.49398916959762573,0.09777813404798508,0.49235591292381287,-0.006801065988838673,-0.43360435962677,-0.2052343785762787,-0.0202287919819355,-0.013573954813182354,-0.0032346921507269144,-0.008595755323767662,-0.08534452319145203,0.9310379028320312,0.06896209716796875,940.1799926757812,67.77621459960938,0.06571156531572342
383,3.7892205715179443,0.473270058631897,0.09357540309429169,0.4702237546443939,-0.006628893781453371,-0.4210797846317291,-0.1981056034564972,-0.0624379888176918,-0.013914281502366066,-0.010294195264577866,-0.00836254097521305,-0.0838640034198761,0.9306564331054688,0.06934356689453125,930.9000244140625,66.60273742675781,0.06552021205425262
384,3.7561655044555664,0.4722612500190735,0.0929550975561142,0.46874886751174927,-0.006639371160417795,-0.41853222250938416,-0.19750240445137024,-0.0582682266831398,-0.014593352563679218,-0.009764143265783787,-0.008362126536667347,-0.08343065530061722,0.9298858642578125,0.0701141357421875,899.5399780273438,63.02690124511719,0.06565132737159729
385,3.8978896141052246,0.48276978731155396,0.09568673372268677,0.480283260345459,-0.006661119870841503,-0.42348816990852356,-0.1999395489692688,-0.0458829328417778,-0.01316644623875618,-0.006412345450371504,-0.008499480783939362,-0.08177976310253143,0.9297027587890625,0.0702972412109375,907.8699951171875,64.66413879394531,0.06578505039215088
386,3.93228816986084,0.4885936379432678,0.09688842296600342,0.4861791729927063,-0.006735619157552719,-0.4292554259300232,-0.20286640524864197,-0.0252278633415699,-0.01304827444255352,-0.004271326586604118,-0.008561196736991405,-0.08398297429084778,0.92919921875,0.07080078125,928.719970703125,66.67150115966797,0.06577502191066742
387,3.8095250129699707,0.4767729640007019,0.09416341781616211,0.47371646761894226,-0.0066204252652823925,-0.4194503426551819,-0.19896963238716125,-0.0573381632566452,-0.014398625120520592,-0.006871267221868038,-0.008362090215086937,-0.0833849385380745,0.927642822265625,0.072357177734375,922.8499755859375,65.58552551269531,0.06587162613868713
388,3.821439027786255,0.479783296585083,0.09458072483539581,0.4755125641822815,-0.006749531254172325,-0.42637214064598083,-0.20074428617954254,-0.0482003316283226,-0.014280184172093868,-0.007258291356265545,-0.008492307737469673,-0.086824931204319,0.9281768798828125,0.0718231201171875,911.2999877929688,64.2219467163086,0.06586748361587524
389,3.780263662338257,0.47304779291152954,0.09342525899410248,0.4698587656021118,-0.006592742633074522,-0.4167185425758362,-0.19723951816558838,-0.0531838983297348,-0.013446073047816753,-0.010289391502737999,-0.008318283595144749,-0.08227571845054626,0.9289703369140625,0.0710296630859375,899.1599731445312,63.92804718017578,0.06588847935199738
390,3.926845073699951,0.48926323652267456,0.0968409925699234,0.48627910017967224,-0.006798106245696545,-0.4322012662887573,-0.20310676097869873,-0.0299944169819355,-0.014247804880142212,-0.00517383124679327,-0.00862552784383297,-0.08392737805843353,0.929840087890625,0.070159912109375,944.6300048828125,68.4271469116211,0.06595809012651443
391,3.7683629989624023,0.47269389033317566,0.09345538169145584,0.469815194606781,-0.006674172356724739,-0.4248119592666626,-0.1973487287759781,-0.0734281912446022,-0.014535019174218178,-0.0071825385093688965,-0.008427371270954609,-0.0851217731833458,0.9301986694335938,0.06980133056640625,932.8499755859375,66.04923248291016,0.06608433276414871
392,3.640855312347412,0.4572354555130005,0.09025035798549652,0.45432692766189575,-0.006348554976284504,-0.4023987054824829,-0.190309077501297,-0.0749782919883728,-0.011886145919561386,-0.006008348427712917,-0.008024669252336025,-0.07886938005685806,0.9306716918945312,0.06932830810546875,918.6599731445312,65.82437896728516,0.06610473990440369
393,3.840385913848877,0.48024582862854004,0.09520623087882996,0.47773635387420654,-0.0067789554595947266,-0.4333692193031311,-0.19943192601203918,-0.0465727299451828,-0.015823036432266235,-0.002610771683976054,-0.008649453520774841,-0.08313941955566406,0.9305038452148438,0.06949615478515625,919.969970703125,64.78461456298828,0.06614796817302704
394,3.811281442642212,0.4772912859916687,0.09411586076021194,0.4729846715927124,-0.006660428363829851,-0.4224950969219208,-0.19871476292610168,-0.0411086268723011,-0.0139086302369833,-0.009895809926092625,-0.008435389026999474,-0.08299477398395538,0.9293975830078125,0.0706024169921875,932.760009765625,67.36186218261719,0.06612268090248108
395,3.9290170669555664,0.4875665307044983,0.09648525714874268,0.4854012727737427,-0.006776751950383186,-0.4317881166934967,-0.20185677707195282,-0.02818080224096775,-0.012749827466905117,-0.0038672934751957655,-0.008647283539175987,-0.0847153514623642,0.9293212890625,0.0706787109375,930.8300170898438,66.93235778808594,0.06605160981416702
396,3.8586416244506836,0.47916078567504883,0.09486965835094452,0.4750254154205322,-0.006714487448334694,-0.4266539216041565,-0.2003338634967804,-0.0463867150247097,-0.012938957661390305,-0.006086836103349924,-0.00845655333250761,-0.08358144760131836,0.9284133911132812,0.07158660888671875,933.9500122070312,67.36585235595703,0.06628535687923431
397,3.8503994941711426,0.4777781665325165,0.09460407495498657,0.47507891058921814,-0.006593016907572746,-0.41934478282928467,-0.19805413484573364,-0.0499674454331398,-0.011701315641403198,-0.008223958313465118,-0.008383126929402351,-0.08211216330528259,0.928955078125,0.071044921875,908.6599731445312,65.05378723144531,0.06614704430103302
398,3.937649965286255,0.49153631925582886,0.09741120040416718,0.4886462688446045,-0.006866196636110544,-0.43695345520973206,-0.20392128825187683,-0.02022174745798111,-0.013765132986009121,-0.003045185236260295,-0.008723288774490356,-0.08587776124477386,0.92950439453125,0.07049560546875,945.3800048828125,68.28343963623047,0.06623776257038116
399,3.958371639251709,0.49231746792793274,0.09774342179298401,0.4897332489490509,-0.006816450972110033,-0.43544185161590576,-0.20261333882808685,-0.0244838148355484,-0.013224756345152855,-0.003029219340533018,-0.00870092399418354,-0.08468590676784515,0.9304580688476562,0.06954193115234375,944.260009765625,68.08916473388672,0.06635263562202454
400,3.8795359134674072,0.48443013429641724,0.09587280452251434,0.4806140065193176,-0.006771422922611237,-0.43055853247642517,-0.20153824985027313,-0.0498046837747097,-0.014024728909134865,-0.005660257767885923,-0.008619312196969986,-0.08426743745803833,0.9305953979492188,0.06940460205078125,924.219970703125,65.55821228027344,0.06644369661808014
401,3.9055533409118652,0.48707249760627747,0.09658749401569366,0.4853692352771759,-0.006752153858542442,-0.43144088983535767,-0.2009865641593933,-0.0240885391831398,-0.013531770557165146,-0.0024968984071165323,-0.008617816492915154,-0.08351078629493713,0.9317474365234375,0.0682525634765625,948.1799926757812,68.2696304321289,0.06644190847873688
402,3.926093101501465,0.48935753107070923,0.0970369428396225,0.48640158772468567,-0.006759044714272022,-0.43142175674438477,-0.20117434859275818,-0.02804129384458065,-0.012923295609652996,-0.0034665667917579412,-0.008670445531606674,-0.0850985050201416,0.9327468872070312,0.06725311279296875,922.6900024414062,66.15316772460938,0.0666520893573761
403,3.9065818786621094,0.48537948727607727,0.09637530148029327,0.48355650901794434,-0.006663067266345024,-0.4257885217666626,-0.19979101419448853,-0.0250651016831398,-0.0117760319262743,-0.0024680758360773325,-0.008499929681420326,-0.08315721154212952,0.9337921142578125,0.0662078857421875,942.9299926757812,68.271728515625,0.06652455031871796
404,3.8558828830718994,0.4803122878074646,0.09499916434288025,0.47849321365356445,-0.006573273800313473,-0.4199146032333374,-0.19646313786506653,-0.0354817658662796,-0.013297178782522678,-0.004646005108952522,-0.008419832214713097,-0.08225463330745697,0.933258056640625,0.066741943359375,907.6900024414062,64.84815216064453,0.06640302389860153
405,3.8779711723327637,0.48465678095817566,0.09566818177700043,0.481566846370697,-0.006655474193394184,-0.4233035445213318,-0.1997179388999939,-0.0338154099881649,-0.013098275288939476,-0.0048021068796515465,-0.008455732837319374,-0.08315904438495636,0.93359375,0.06640625,927.0999755859375,66.47577667236328,0.06634904444217682
406,3.843411445617676,0.48038971424102783,0.09513260424137115,0.4763070344924927,-0.006643485277891159,-0.4236610531806946,-0.19723594188690186,-0.0384347066283226,-0.014890098012983799,-0.005011516623198986,-0.008459780365228653,-0.08269696682691574,0.9337005615234375,0.0662994384765625,907.8699951171875,64.71566009521484,0.06648208200931549
407,3.9397337436676025,0.48819369077682495,0.09681820124387741,0.48651936650276184,-0.006613820791244507,-0.42495444416999817,-0.1989886611700058,-0.02622767724096775,-0.012579195201396942,-0.0031337193213403225,-0.008499464020133018,-0.08327696472406387,0.9339141845703125,0.0660858154296875,931.8300170898438,67.52225494384766,0.06652924418449402
408,3.809718132019043,0.47382694482803345,0.09373892843723297,0.47067028284072876,-0.006549738347530365,-0.4146955609321594,-0.19303128123283386,-0.0675533190369606,-0.012640653178095818,-0.007467481307685375,-0.00831444002687931,-0.08135071396827698,0.9344940185546875,0.0655059814453125,900.719970703125,63.881980895996094,0.06664476543664932
409,3.9175403118133545,0.48678553104400635,0.09656336158514023,0.48396483063697815,-0.006710977293550968,-0.42898324131965637,-0.19832943379878998,-0.0295293889939785,-0.015067124739289284,-0.004096479155123234,-0.008620718494057655,-0.08295273035764694,0.9343643188476562,0.06563568115234375,941.469970703125,68.55924224853516,0.06669400632381439
410,3.7845425605773926,0.4705934226512909,0.09313417971134186,0.4684155583381653,-0.006429378874599934,-0.408599317073822,-0.19329632818698883,-0.0625697448849678,-0.01277547050267458,-0.008426900953054428,-0.008237747475504875,-0.07961148023605347,0.9345855712890625,0.0654144287109375,890.0700073242188,62.969482421875,0.06656944751739502
411,3.951113700866699,0.4908822178840637,0.09736712276935577,0.4885161221027374,-0.006658622995018959,-0.4266139566898346,-0.1988632082939148,-0.02025979571044445,-0.012164028361439705,-0.0036638337187469006,-0.008569103665649891,-0.08242776989936829,0.9339828491210938,0.06601715087890625,943.280029296875,68.49632263183594,0.06665834784507751
412,3.8631093502044678,0.4815919101238251,0.09535152465105057,0.4783978760242462,-0.006587459705770016,-0.41979262232780457,-0.196329727768898,-0.0511067658662796,-0.013010765425860882,-0.0066742361523211,-0.008394160307943821,-0.0831848531961441,0.9334564208984375,0.0665435791015625,934.7100219726562,66.880615234375,0.06675685197114944
413,3.905003547668457,0.4888855218887329,0.0969696193933487,0.48748883605003357,-0.006644878536462784,-0.42735743522644043,-0.19731993973255157,-0.02535962127149105,-0.013991707935929298,-0.002027772832661867,-0.00859320629388094,-0.0829748883843422,0.9335098266601562,0.06649017333984375,935.1599731445312,67.23274230957031,0.06677708774805069
414,3.9305942058563232,0.48877978324890137,0.09723633527755737,0.48745501041412354,-0.006629349663853645,-0.4272134304046631,-0.198191836476326,-0.0321413017809391,-0.013996061868965626,-0.002710756380110979,-0.008543243631720543,-0.08251708000898361,0.93475341796875,0.06524658203125,919.9000244140625,65.72972106933594,0.06679500639438629
415,3.9827942848205566,0.4958345293998718,0.09826484322547913,0.4937375783920288,-0.0067012719810009,-0.4305543303489685,-0.19931960105895996,-0.013695125468075275,-0.012903483584523201,-0.0031902140472084284,-0.008624416776001453,-0.08433083444833755,0.9362945556640625,0.0637054443359375,948.2100219726562,68.72808837890625,0.0669151246547699
416,3.926811695098877,0.48965775966644287,0.0971347764134407,0.4879668951034546,-0.0066188666969537735,-0.4241478443145752,-0.19716893136501312,-0.030071921646595,-0.013265807181596756,-0.0036150640808045864,-0.008524501696228981,-0.08217862248420715,0.9376220703125,0.0623779296875,925.2000122070312,66.18080139160156,0.06694871187210083
417,3.8361449241638184,0.4793527126312256,0.09494751691818237,0.4771821200847626,-0.006458263378590345,-0.4137903153896332,-0.19291351735591888,-0.0460611917078495,-0.013256516307592392,-0.006060455925762653,-0.008308437652885914,-0.08022438734769821,0.9383316040039062,0.06166839599609375,919.3699951171875,65.62452697753906,0.06708000600337982
418,3.7497005462646484,0.471638947725296,0.09301543235778809,0.4689866602420807,-0.0063784499652683735,-0.4041893780231476,-0.19023774564266205,-0.077411949634552,-0.011859865859150887,-0.009706605225801468,-0.008158942684531212,-0.0812823474407196,0.9374160766601562,0.06258392333984375,903.0399780273438,63.401023864746094,0.0671749860048294
419,3.6941590309143066,0.462932288646698,0.09149034321308136,0.4603324830532074,-0.006324687972664833,-0.40119147300720215,-0.18707293272018433,-0.0630580335855484,-0.012395504862070084,-0.009244528599083424,-0.008040064014494419,-0.0785657986998558,0.9367523193359375,0.0632476806640625,898.4099731445312,63.834693908691406,0.06717858463525772
420,3.8839287757873535,0.4828176200389862,0.0954216718673706,0.4802245795726776,-0.006472144275903702,-0.4142388701438904,-0.1939374804496765,-0.0370008647441864,-0.011628485284745693,-0.006426345091313124,-0.008354786783456802,-0.08132772892713547,0.93701171875,0.06298828125,932.8499755859375,67.4547119140625,0.06709033250808716
421,3.903994083404541,0.48931464552879333,0.09697618335485458,0.48689788579940796,-0.006680561229586601,-0.42906057834625244,-0.19615501165390015,-0.0257161445915699,-0.014195295050740242,-0.004183555021882057,-0.008624076843261719,-0.08392293751239777,0.9367599487304688,0.06324005126953125,937.0800170898438,67.08609771728516,0.06715501099824905
422,3.929267406463623,0.4870581030845642,0.09673909842967987,0.4857390224933624,-0.006560420151799917,-0.4230594038963318,-0.1950310468673706,-0.0301339253783226,-0.012508178129792213,-0.0021791488397866488,-0.008455827832221985,-0.08250989019870758,0.9375762939453125,0.0624237060546875,925.5,67.00669860839844,0.06719554960727692
423,3.763612747192383,0.47479721903800964,0.09381800889968872,0.47185859084129333,-0.006516733206808567,-0.41750818490982056,-0.18925215303897858,-0.0488281212747097,-0.012987031601369381,-0.008382818661630154,-0.0084037771448493,-0.08208680152893066,0.9374771118164062,0.06252288818359375,925.4099731445312,66.08918762207031,0.06694760173559189
424,3.822981357574463,0.4770575761795044,0.09447215497493744,0.474653035402298,-0.006483892444521189,-0.4166032671928406,-0.19085033237934113,-0.0464332178235054,-0.013685822486877441,-0.006503119133412838,-0.008351858705282211,-0.0811077356338501,0.9389190673828125,0.0610809326171875,910.1599731445312,65.05804443359375,0.06694093346595764
425,3.859165668487549,0.48256489634513855,0.09561221301555634,0.48128387331962585,-0.0065101939253509045,-0.418438196182251,-0.1927083432674408,-0.0406901016831398,-0.011400746181607246,-0.005100651644170284,-0.00845007598400116,-0.08149957656860352,0.9379348754882812,0.06206512451171875,917.0499877929688,65.8201904296875,0.06706207245588303
426,3.8992059230804443,0.4891801178455353,0.09668778628110886,0.4859177768230438,-0.006618266925215721,-0.42406123876571655,-0.1955064833164215,-0.02332899160683155,-0.012080429121851921,-0.007219256833195686,-0.008548447862267494,-0.08338417112827301,0.9388504028320312,0.06114959716796875,929.9199829101562,66.44393157958984,0.0669134259223938
427,3.813901901245117,0.4786379933357239,0.09471391141414642,0.47693347930908203,-0.006470474414527416,-0.416238009929657,-0.1904759705066681,-0.0407133512198925,-0.011437993496656418,-0.005960829555988312,-0.008374923840165138,-0.0821155458688736,0.93829345703125,0.06170654296875,917.47998046875,65.54619598388672,0.06681665778160095
428,3.826817512512207,0.4815447926521301,0.095365509390831,0.47780632972717285,-0.006568333134055138,-0.42175549268722534,-0.19210517406463623,-0.0476887971162796,-0.011907324194908142,-0.005904789082705975,-0.008476171642541885,-0.08199472725391388,0.9377593994140625,0.0622406005859375,915.3599853515625,64.95497131347656,0.06692737340927124
429,3.8671512603759766,0.48155587911605835,0.09518866240978241,0.47969818115234375,-0.006543436553329229,-0.41865313053131104,-0.19146278500556946,-0.0330403633415699,-0.01232110895216465,-0.005334784276783466,-0.00845293514430523,-0.08247563242912292,0.9368133544921875,0.0631866455078125,928.510009765625,67.20832824707031,0.06680106371641159
430,3.781078815460205,0.47215139865875244,0.09332947432994843,0.4701533019542694,-0.0064499638974666595,-0.41306307911872864,-0.18885597586631775,-0.0513702817261219,-0.013178855180740356,-0.00833425298333168,-0.008317504078149796,-0.0808943659067154,0.9364547729492188,0.06354522705078125,892.6400146484375,63.159828186035156,0.06688635051250458
431,3.9074015617370605,0.4862182140350342,0.09621798247098923,0.4840967059135437,-0.0065764859318733215,-0.42507848143577576,-0.19373494386672974,-0.0407443530857563,-0.01159164309501648,-0.005296202376484871,-0.008512942120432854,-0.0824175775051117,0.9351577758789062,0.06484222412109375,921.6500244140625,65.8064956665039,0.06706729531288147
432,3.9092421531677246,0.48584747314453125,0.09610854089260101,0.4825388789176941,-0.006588928401470184,-0.4238007068634033,-0.1947687864303589,-0.03059895522892475,-0.011282231658697128,-0.007564289961010218,-0.008468197658658028,-0.08331052958965302,0.9338836669921875,0.0661163330078125,935.3099975585938,67.61526489257812,0.0670401081442833
433,3.8640074729919434,0.48056623339653015,0.095369353890419,0.4787023067474365,-0.006510936189442873,-0.4194403886795044,-0.19113966822624207,-0.0393880158662796,-0.011308473534882069,-0.0038596410304307938,-0.008387994952499866,-0.08130824565887451,0.9331893920898438,0.06681060791015625,923.4600219726562,66.61697387695312,0.067178875207901
434,3.8496031761169434,0.4771651327610016,0.09466177225112915,0.4749290347099304,-0.006496976129710674,-0.4202520251274109,-0.1900465190410614,-0.0517345555126667,-0.011343240737915039,-0.002818333450704813,-0.008387178182601929,-0.08203748613595963,0.9334182739257812,0.06658172607421875,938.3300170898438,67.4857406616211,0.06737586110830307
435,3.862391948699951,0.48049652576446533,0.09504930675029755,0.4781349301338196,-0.006562693975865841,-0.421245276927948,-0.19306021928787231,-0.0448056124150753,-0.0107935955747962,-0.006167530082166195,-0.00841205008327961,-0.08206967264413834,0.9328460693359375,0.0671539306640625,913.3099975585938,65.66181945800781,0.0672965794801712
436,3.8369216918945312,0.47876453399658203,0.09472934156656265,0.4755806624889374,-0.0065305195748806,-0.41836830973625183,-0.1912759393453598,-0.0591285303235054,-0.010518195107579231,-0.008515899069607258,-0.008370522409677505,-0.08162848651409149,0.9317855834960938,0.06821441650390625,929.4600219726562,66.83848571777344,0.06747591495513916
437,3.8945815563201904,0.4846128523349762,0.09595201909542084,0.4825408458709717,-0.006624750327318907,-0.42628031969070435,-0.19379425048828125,-0.0410621240735054,-0.011227309703826904,-0.005008812062442303,-0.008557580411434174,-0.08298908174037933,0.9318618774414062,0.06813812255859375,941.5800170898438,67.8781967163086,0.06751716136932373
438,3.7872724533081055,0.4723750352859497,0.09351746737957001,0.4698905944824219,-0.006478820461779833,-0.41649460792541504,-0.18957382440567017,-0.0630347803235054,-0.011176364496350288,-0.00811756495386362,-0.00832362100481987,-0.08136997371912003,0.9315109252929688,0.06848907470703125,929.75,66.29256439208984,0.06754302978515625
439,3.8587186336517334,0.4808349609375,0.09498775005340576,0.4774842858314514,-0.006569528486579657,-0.4226572513580322,-0.19213449954986572,-0.0386284664273262,-0.01064680889248848,-0.006420207675546408,-0.008444273844361305,-0.08283067494630814,0.9330902099609375,0.0669097900390625,930.6400146484375,66.8416519165039,0.0675947368144989
440,3.9010910987854004,0.48554232716560364,0.0963183119893074,0.4822526276111603,-0.006657686084508896,-0.43028923869132996,-0.1934301257133484,-0.0524088516831398,-0.012277879752218723,-0.002616383135318756,-0.008622058667242527,-0.08254344761371613,0.9330596923828125,0.0669403076171875,935.1099853515625,67.53675842285156,0.06771533191204071
441,3.9212582111358643,0.484677791595459,0.09589610248804092,0.4818550944328308,-0.006584938615560532,-0.42403939366340637,-0.19362221658229828,-0.0376209020614624,-0.010589035227894783,-0.00670910719782114,-0.008451624773442745,-0.08175875246524811,0.9327316284179688,0.06726837158203125,925.5499877929688,66.97244262695312,0.06785880774259567
442,3.854126453399658,0.4822041094303131,0.09533551335334778,0.4789215326309204,-0.006585638504475355,-0.4222066402435303,-0.19290651381015778,-0.0307307131588459,-0.010780265554785728,-0.00620374595746398,-0.008465533144772053,-0.08174487948417664,0.933837890625,0.066162109375,922.7000122070312,65.99019622802734,0.06782762706279755
443,3.781845808029175,0.47234606742858887,0.09332577884197235,0.4685283899307251,-0.006520701106637716,-0.4198097884654999,-0.18907195329666138,-0.0576404333114624,-0.012207970023155212,-0.009354091249406338,-0.008371405303478241,-0.08096545934677124,0.9334182739257812,0.06658172607421875,914.22998046875,65.52201080322266,0.06781239807605743
444,3.806326150894165,0.4744553565979004,0.09365354478359222,0.47112029790878296,-0.006534269545227289,-0.4206848442554474,-0.1902463138103485,-0.06172635406255722,-0.012533053755760193,-0.008861303329467773,-0.008376074954867363,-0.08203384280204773,0.93194580078125,0.06805419921875,916.1099853515625,65.17523956298828,0.06779791414737701
445,3.87064528465271,0.4819721579551697,0.09545643627643585,0.4802301824092865,-0.006607712712138891,-0.42773866653442383,-0.19246844947338104,-0.0354817658662796,-0.01216239482164383,-0.005998261272907257,-0.008531268686056137,-0.08276723325252533,0.9315948486328125,0.0684051513671875,932.3599853515625,67.32196044921875,0.06765678524971008
446,3.7599353790283203,0.47141486406326294,0.09290679544210434,0.4660627543926239,-0.006485773716121912,-0.4130001962184906,-0.19007371366024017,-0.0767066553235054,-0.01090246718376875,-0.01300150714814663,-0.008289258927106857,-0.08118822425603867,0.9294509887695312,0.07054901123046875,918.3699951171875,65.53067779541016,0.067868672311306
447,3.903111696243286,0.488361120223999,0.09657178819179535,0.4862882196903229,-0.006755443289875984,-0.43512973189353943,-0.1955021619796753,-0.02919682115316391,-0.01214788667857647,-0.004095421172678471,-0.008690441027283669,-0.08353615552186966,0.928985595703125,0.071014404296875,926.0700073242188,65.96258544921875,0.06786206364631653
448,3.935142755508423,0.4921039342880249,0.0974290519952774,0.4880640506744385,-0.006775303278118372,-0.43333199620246887,-0.19809654355049133,-0.02522786147892475,-0.010902710258960724,-0.004981987178325653,-0.008690495043992996,-0.08549705147743225,0.9310455322265625,0.0689544677734375,944.0700073242188,67.3604736328125,0.06777919828891754
449,3.8020315170288086,0.47636842727661133,0.09393073618412018,0.47423774003982544,-0.006589291617274284,-0.4213107228279114,-0.1918335258960724,-0.0450148768723011,-0.01077251136302948,-0.008228948339819908,-0.00846441462635994,-0.0824529230594635,0.9321136474609375,0.0678863525390625,934.4600219726562,66.76763916015625,0.067898690700531
450,3.9060845375061035,0.48580461740493774,0.09625279903411865,0.4837144911289215,-0.006601850502192974,-0.42798304557800293,-0.19334463775157928,-0.0266617052257061,-0.011286111548542976,-0.004639866761863232,-0.008535453118383884,-0.08304105699062347,0.9322357177734375,0.0677642822265625,935.9400024414062,67.87120056152344,0.06787245720624924
451,3.872523307800293,0.48668172955513,0.09622856974601746,0.4836805760860443,-0.00675014965236187,-0.4359983503818512,-0.19487115740776062,-0.0397600382566452,-0.012126686051487923,-0.007958815433084965,-0.008750012144446373,-0.0843626856803894,0.9320526123046875,0.0679473876953125,936.9199829101562,66.62515258789062,0.06788906455039978
452,3.651031017303467,0.45787519216537476,0.0901130735874176,0.4551103413105011,-0.006363393738865852,-0.40872466564178467,-0.18323273956775665,-0.090680792927742,-0.01122420933097601,-0.012076088227331638,-0.008171750232577324,-0.07934123277664185,0.93121337890625,0.06878662109375,921.7000122070312,65.93382263183594,0.06786707043647766
453,3.811840772628784,0.47819074988365173,0.09453268349170685,0.4759625196456909,-0.006646286696195602,-0.4261430501937866,-0.19218367338180542,-0.0571986585855484,-0.01179000549018383,-0.008150560781359673,-0.008503347635269165,-0.08260658383369446,0.9316940307617188,0.06830596923828125,924.5,65.58150482177734,0.06769661605358124
454,3.662628412246704,0.4612162709236145,0.09044156223535538,0.4555722177028656,-0.00651430431753397,-0.4142882525920868,-0.18690334260463715,-0.084379643201828,-0.013470401987433434,-0.01513197273015976,-0.008277405984699726,-0.08232152462005615,0.92962646484375,0.07037353515625,901.0,63.745357513427734,0.06769189983606339
455,3.8205597400665283,0.4767076373100281,0.09424945712089539,0.47320130467414856,-0.0065208617597818375,-0.4194076657295227,-0.1906745731830597,-0.046805240213871,-0.010533060878515244,-0.008562801405787468,-0.008382227271795273,-0.08010584115982056,0.9290542602539062,0.07094573974609375,919.6199951171875,65.1365966796875,0.06762798130512238
456,3.7659683227539062,0.4711439609527588,0.09289883077144623,0.4671666622161865,-0.006596622057259083,-0.4239279329776764,-0.18894556164741516,-0.07127425819635391,-0.010812513530254364,-0.010573013685643673,-0.008482726290822029,-0.08184570074081421,0.9275970458984375,0.0724029541015625,903.1500244140625,63.72397994995117,0.06773100793361664
457,3.7815446853637695,0.4704921841621399,0.09244950115680695,0.46615496277809143,-0.006494427099823952,-0.4146784543991089,-0.189245343208313,-0.0710100382566452,-0.011067181825637817,-0.01205949392169714,-0.00831618532538414,-0.08195777237415314,0.927459716796875,0.072540283203125,897.969970703125,63.44966125488281,0.06791356205940247
458,3.98740816116333,0.49417048692703247,0.09802550822496414,0.49281132221221924,-0.006791858002543449,-0.4419912099838257,-0.19624070823192596,-0.0200660340487957,-0.011559294536709785,-0.002708283020183444,-0.008832283318042755,-0.08374075591564178,0.9271087646484375,0.0728912353515625,939.9500122070312,67.51398468017578,0.06810808181762695
459,3.82417631149292,0.4767245352268219,0.09415367245674133,0.47447898983955383,-0.0066287936642766,-0.4274461269378662,-0.19120284914970398,-0.0520833283662796,-0.012050116434693336,-0.007219919003546238,-0.008557800203561783,-0.08231347054243088,0.92706298828125,0.07293701171875,924.9600219726562,66.04756927490234,0.06797139346599579
460,3.867283344268799,0.48267656564712524,0.09506252408027649,0.47780388593673706,-0.006769516970962286,-0.4328051209449768,-0.19469241797924042,-0.057059146463871,-0.012456130236387253,-0.010993029922246933,-0.008627134375274181,-0.08571633696556091,0.9263534545898438,0.07364654541015625,935.6400146484375,66.79621124267578,0.0679331123828888
461,3.924980401992798,0.48664993047714233,0.09650909900665283,0.4824221134185791,-0.006747527047991753,-0.43531334400177,-0.1952628195285797,-0.0408761128783226,-0.011991903185844421,-0.0048996452242136,-0.008667083457112312,-0.08338765799999237,0.9267349243164062,0.07326507568359375,946.8800048828125,68.5234375,0.06806398183107376
462,3.9886674880981445,0.49441927671432495,0.09813585877418518,0.4915243089199066,-0.0068985410034656525,-0.44644689559936523,-0.19777372479438782,-0.015183220617473125,-0.01192046981304884,-0.0021302278619259596,-0.008899002335965633,-0.08638216555118561,0.9274978637695312,0.07250213623046875,950.7000122070312,68.97984313964844,0.06812070310115814
463,3.725644826889038,0.46570056676864624,0.09148979187011719,0.46131861209869385,-0.0065365321934223175,-0.4177606999874115,-0.1879563182592392,-0.082868292927742,-0.011359790340065956,-0.01508664432913065,-0.008330417796969414,-0.08227381110191345,0.927398681640625,0.072601318359375,907.5,64.29244995117188,0.06822788715362549
464,3.8420486450195312,0.47609567642211914,0.09411618113517761,0.47295159101486206,-0.006647282280027866,-0.4273650646209717,-0.19155830144882202,-0.0555555522441864,-0.009817627258598804,-0.007828772999346256,-0.008564861491322517,-0.08339369297027588,0.9266510009765625,0.0733489990234375,929.2999877929688,67.00054931640625,0.06834933906793594
465,3.870087146759033,0.4829244017601013,0.095462866127491,0.4784426689147949,-0.006796759087592363,-0.4365517795085907,-0.19334742426872253,-0.0494791604578495,-0.011528641916811466,-0.007585601881146431,-0.008730106055736542,-0.08405952155590057,0.9266281127929688,0.07337188720703125,940.719970703125,67.58637237548828,0.06844305247068405
466,3.9726364612579346,0.49262332916259766,0.09771031886339188,0.49069488048553467,-0.006895441561937332,-0.4466572403907776,-0.19681842625141144,-0.0159040167927742,-0.009784115478396416,-0.002877593506127596,-0.008922329172492027,-0.08534237742424011,0.9278564453125,0.0721435546875,925.6799926757812,66.46539306640625,0.06837021559476852
467,3.952057361602783,0.4890245497226715,0.09649823606014252,0.4858947992324829,-0.006811450235545635,-0.43888071179389954,-0.19709010422229767,-0.0314127579331398,-0.011509694159030914,-0.007008747663348913,-0.008758649230003357,-0.08432839065790176,0.9276275634765625,0.0723724365234375,924.969970703125,67.18933868408203,0.06836478412151337
468,3.9092869758605957,0.4868735074996948,0.09611260890960693,0.48424452543258667,-0.006821365095674992,-0.438556432723999,-0.19597959518432617,-0.0303199365735054,-0.011388828977942467,-0.005525099113583565,-0.008722182363271713,-0.08516456186771393,0.92803955078125,0.07196044921875,930.9099731445312,66.5135498046875,0.06833791732788086
469,3.935155153274536,0.48679691553115845,0.09650947898626328,0.4839867949485779,-0.00678959209471941,-0.4377049505710602,-0.1948176473379135,-0.031185610219836235,-0.010596558451652527,-0.005515593569725752,-0.0087724719196558,-0.08323630690574646,0.9277267456054688,0.07227325439453125,930.2999877929688,67.18498992919922,0.06840947270393372
470,3.8349075317382812,0.4741086959838867,0.09353184700012207,0.4704705476760864,-0.006603218615055084,-0.4242393970489502,-0.19087016582489014,-0.0555555522441864,-0.0115297120064497,-0.008764955215156078,-0.008479194715619087,-0.08236195147037506,0.928131103515625,0.071868896484375,921.1900024414062,66.17817687988281,0.06859970092773438
471,3.9377360343933105,0.4883265495300293,0.09663477540016174,0.48421192169189453,-0.006831566337496042,-0.44048088788986206,-0.1961827427148819,-0.02232142724096775,-0.010415133088827133,-0.005961397662758827,-0.008776083588600159,-0.08530689030885696,0.9290542602539062,0.07094573974609375,933.25,67.25364685058594,0.06866908073425293
472,3.903439521789551,0.4821717143058777,0.09534446895122528,0.4795320928096771,-0.006755245383828878,-0.436940461397171,-0.1917540282011032,-0.0498589351773262,-0.009976895526051521,-0.007396675180643797,-0.008743662387132645,-0.0847516730427742,0.9284515380859375,0.0715484619140625,919.72998046875,66.38909912109375,0.0685412585735321
473,3.8481605052948,0.47843265533447266,0.09445035457611084,0.47520115971565247,-0.006760088726878166,-0.4355725646018982,-0.19201473891735077,-0.042410708963871,-0.011549470946192741,-0.008051774464547634,-0.008668223395943642,-0.08503855019807816,0.9282684326171875,0.0717315673828125,914.0999755859375,65.13101196289062,0.06845668703317642
474,3.924271821975708,0.48828697204589844,0.09677542001008987,0.4834589660167694,-0.006888626143336296,-0.44492942094802856,-0.19518369436264038,-0.0241350419819355,-0.012653036043047905,-0.003622598247602582,-0.008885281160473824,-0.08331353217363358,0.9295578002929688,0.07044219970703125,928.4099731445312,66.05744934082031,0.06826158612966537
475,3.8381080627441406,0.4788624048233032,0.09443773329257965,0.47541293501853943,-0.006741824559867382,-0.4319148063659668,-0.1929660588502884,-0.0464099682867527,-0.010966051369905472,-0.007455493789166212,-0.008650004863739014,-0.08317174017429352,0.929168701171875,0.070831298828125,925.3099975585938,66.16004180908203,0.06835633516311646
476,3.868469715118408,0.48058822751045227,0.0951029509305954,0.4780774712562561,-0.00675575714558363,-0.43430739641189575,-0.19349656999111176,-0.0352027490735054,-0.01059797964990139,-0.005324637051671743,-0.008666466921567917,-0.08439073711633682,0.930450439453125,0.069549560546875,896.3699951171875,63.44089126586914,0.06833218038082123
477,3.9447646141052246,0.490129679441452,0.097276970744133,0.4879261255264282,-0.006871119141578674,-0.44457924365997314,-0.19705958664417267,-0.02262369729578495,-0.010709904134273529,-0.002457540715113282,-0.008869411423802376,-0.08533184230327606,0.9314346313476562,0.06856536865234375,939.239990234375,67.52372741699219,0.06827738136053085
478,3.739114999771118,0.46654993295669556,0.09185099601745605,0.4619934558868408,-0.00662616454064846,-0.4217950105667114,-0.18870258331298828,-0.0745442658662796,-0.011368146166205406,-0.011455278843641281,-0.008381994441151619,-0.08274126797914505,0.9306182861328125,0.0693817138671875,906.9600219726562,64.3031005859375,0.06816983222961426
479,3.890742778778076,0.4845254421234131,0.09580504894256592,0.4823475480079651,-0.006773646920919418,-0.4363887310028076,-0.19441719353199005,-0.0341796837747097,-0.010555015876889229,-0.006354570388793945,-0.008697150275111198,-0.0843963697552681,0.9293594360351562,0.07064056396484375,928.010009765625,65.97737121582031,0.06814548373222351
480,3.568197727203369,0.44515591859817505,0.08740901201963425,0.44098129868507385,-0.0062891775742173195,-0.3983153700828552,-0.18146631121635437,-0.0952148288488388,-0.010129755362868309,-0.01568521000444889,-0.007971390150487423,-0.07815592736005783,0.9300537109375,0.0699462890625,921.1699829101562,65.96086120605469,0.06816337257623672
481,3.7809386253356934,0.47385334968566895,0.09324347227811813,0.46906334161758423,-0.006696442142128944,-0.4271535873413086,-0.1912282407283783,-0.0566406212747097,-0.010829221457242966,-0.008200643584132195,-0.008562766015529633,-0.08241088688373566,0.9295654296875,0.0704345703125,892.8200073242188,62.78133773803711,0.0683012306690216
482,3.9311838150024414,0.48874911665916443,0.09641829133033752,0.4854948818683624,-0.0068780407309532166,-0.43868178129196167,-0.19715800881385803,-0.02966889552772045,-0.009930713102221489,-0.00544774392619729,-0.008793629705905914,-0.08573083579540253,0.9286956787109375,0.0713043212890625,937.8499755859375,67.25261688232422,0.06845235079526901
483,3.764078140258789,0.47172605991363525,0.0928884744644165,0.46742069721221924,-0.0067842090502381325,-0.43447256088256836,-0.190108984708786,-0.0603763610124588,-0.013097614981234074,-0.01003484707325697,-0.00868844985961914,-0.08510129153728485,0.9287643432617188,0.07123565673828125,899.8599853515625,63.104522705078125,0.06861238181591034
484,3.902994155883789,0.4851589500904083,0.09600678086280823,0.4830349385738373,-0.006887888535857201,-0.443831205368042,-0.19521282613277435,-0.0300254188477993,-0.011259717866778374,-0.005393126048147678,-0.00887821801006794,-0.08460485190153122,0.929901123046875,0.070098876953125,935.3400268554688,67.43782043457031,0.0685521811246872
485,3.853515863418579,0.4804556369781494,0.09486846625804901,0.47626417875289917,-0.006761343218386173,-0.43206024169921875,-0.19229573011398315,-0.0543619729578495,-0.011305894702672958,-0.012165866792201996,-0.008678230457007885,-0.08240877091884613,0.9319229125976562,0.06807708740234375,936.6199951171875,66.95042419433594,0.06854724138975143
486,3.797516345977783,0.4775106608867645,0.09427682310342789,0.4728648066520691,-0.006832166574895382,-0.43460047245025635,-0.19207262992858887,-0.0501767098903656,-0.011425977572798729,-0.007906235754489899,-0.00872429832816124,-0.08402150124311447,0.9327468872070312,0.06725311279296875,923.8800048828125,65.72688293457031,0.06872984021902084
487,3.8716986179351807,0.4806286692619324,0.09514927864074707,0.4779937267303467,-0.00673086429014802,-0.42989712953567505,-0.1933155655860901,-0.0302966870367527,-0.010453615337610245,-0.005305849015712738,-0.008624608628451824,-0.0823216438293457,0.9331893920898438,0.06681060791015625,915.9199829101562,65.80384826660156,0.06852170825004578
488,3.959240436553955,0.4904525876045227,0.09725871682167053,0.4886000156402588,-0.006921049207448959,-0.44483625888824463,-0.1975357085466385,-0.03276979923248291,-0.010760054923593998,-0.004320911131799221,-0.008897139690816402,-0.08535581827163696,0.9332962036132812,0.06670379638671875,939.27001953125,67.62876892089844,0.0686417892575264
489,3.7855658531188965,0.47336435317993164,0.09333765506744385,0.47043922543525696,-0.006578974891453981,-0.41884297132492065,-0.19033098220825195,-0.0545247346162796,-0.00941022764891386,-0.00939437560737133,-0.008459718897938728,-0.08087469637393951,0.9320907592773438,0.06790924072265625,912.8300170898438,64.95710754394531,0.0685691088438034
490,3.8769948482513428,0.4811769723892212,0.09535373002290726,0.47882309556007385,-0.00673900730907917,-0.43314000964164734,-0.19244474172592163,-0.0390857458114624,-0.011152930557727814,-0.005652762018144131,-0.008685183711349964,-0.08261920511722565,0.9325942993164062,0.06740570068359375,939.3400268554688,67.73111724853516,0.06847932934761047
491,3.8887767791748047,0.4828180968761444,0.09570568799972534,0.4806024432182312,-0.006682299077510834,-0.4295615255832672,-0.19324135780334473,-0.039481021463871,-0.011372294276952744,-0.007510490715503693,-0.008560769259929657,-0.0813698023557663,0.9334335327148438,0.06656646728515625,926.1099853515625,66.21524047851562,0.06855615973472595
492,3.958601951599121,0.48783552646636963,0.09697386622428894,0.4865202009677887,-0.006735735572874546,-0.436428040266037,-0.1943201869726181,-0.0329008512198925,-0.01133083738386631,-0.002489490667358041,-0.008755525574088097,-0.08144879341125488,0.932861328125,0.067138671875,925.0,66.65135955810547,0.06849518418312073
493,3.764039993286133,0.47006136178970337,0.09258514642715454,0.4658088684082031,-0.006583759095519781,-0.41661596298217773,-0.19001361727714539,-0.0598028190433979,-0.010579190216958523,-0.010992931202054024,-0.008413616567850113,-0.08155207335948944,0.9324951171875,0.0675048828125,905.219970703125,63.985172271728516,0.06849038600921631
494,3.839432716369629,0.4777783155441284,0.09444683790206909,0.47483426332473755,-0.006612186320126057,-0.4228881597518921,-0.19165651500225067,-0.0423409566283226,-0.01061740517616272,-0.010119469836354256,-0.008450589142739773,-0.08200942724943161,0.9329605102539062,0.06703948974609375,914.4600219726562,65.51844787597656,0.0685291737318039
495,3.8771653175354004,0.4834100604057312,0.09570793062448502,0.47983473539352417,-0.0067221857607364655,-0.4308772683143616,-0.19350026547908783,-0.0382719449698925,-0.011027008295059204,-0.0040369583293795586,-0.008698908612132072,-0.08264686167240143,0.9322967529296875,0.0677032470703125,920.780029296875,66.10987854003906,0.06873079389333725
496,3.8933472633361816,0.4866744875907898,0.09625601768493652,0.48252585530281067,-0.00676125381141901,-0.4324430227279663,-0.19476477801799774,-0.0330868661403656,-0.011919548735022545,-0.0058465152978897095,-0.008700110949575901,-0.08276781439781189,0.9315719604492188,0.06842803955078125,925.72998046875,66.1861572265625,0.06887296587228775
497,3.8140783309936523,0.4768388867378235,0.0940132737159729,0.4719961881637573,-0.0066519868560135365,-0.4249163269996643,-0.19094252586364746,-0.0624689906835556,-0.01198265515267849,-0.008980777114629745,-0.008564112707972527,-0.08222167193889618,0.9308700561523438,0.06912994384765625,936.6300048828125,67.52630615234375,0.06918372213840485
498,3.923222780227661,0.48788386583328247,0.09652359783649445,0.48349881172180176,-0.0067926328629255295,-0.43354249000549316,-0.19445642828941345,-0.035574771463871,-0.012674754485487938,-0.007720831781625748,-0.00875531230121851,-0.0823979526758194,0.9310455322265625,0.0689544677734375,939.1699829101562,67.8742446899414,0.06916068494319916
499,3.980767011642456,0.49086642265319824,0.09731602668762207,0.4892057478427887,-0.006762069649994373,-0.43446582555770874,-0.19594253599643707,-0.02701188623905182,-0.01158626563847065,-0.0050025382079184055,-0.008716696873307228,-0.08226785063743591,0.9312896728515625,0.0687103271484375,945.969970703125,68.40674591064453,0.06909103691577911
500,3.886873245239258,0.4845578074455261,0.09578599035739899,0.48184049129486084,-0.006745248567312956,-0.43343308568000793,-0.19413244724273682,-0.0381789430975914,-0.01120791770517826,-0.005117354914546013,-0.008703169412910938,-0.08347372710704803,0.9309616088867188,0.06903839111328125,914.1500244140625,64.75975799560547,0.06918895989656448
501,3.9288151264190674,0.4859783947467804,0.0965130627155304,0.4844222068786621,-0.006657596677541733,-0.42850059270858765,-0.19414880871772766,-0.03008108213543892,-0.00998120941221714,-0.004156609531491995,-0.008569876663386822,-0.0804753303527832,0.9303359985351562,0.06966400146484375,931.2100219726562,67.51217651367188,0.06914877891540527
502,3.924670696258545,0.48799750208854675,0.09647420048713684,0.4856300950050354,-0.0066358912736177444,-0.4246935248374939,-0.1937476396560669,-0.0328776016831398,-0.009872078895568848,-0.0069635407999157906,-0.00859613623470068,-0.08237294852733612,0.9299545288085938,0.07004547119140625,938.75,67.98074340820312,0.06910084933042526
503,3.914116144180298,0.4841354489326477,0.09610675275325775,0.4820099472999573,-0.00664282962679863,-0.4287075102329254,-0.19180619716644287,-0.0286923348903656,-0.01129890512675047,-0.004493660759180784,-0.008620159700512886,-0.08075863867998123,0.93060302734375,0.06939697265625,935.7000122070312,67.75213623046875,0.06925895065069199
504,3.8911662101745605,0.4844147264957428,0.09604902565479279,0.48119038343429565,-0.006790821440517902,-0.43580636382102966,-0.19386674463748932,-0.0359157957136631,-0.011311035603284836,-0.006764655001461506,-0.008801694959402084,-0.08256113529205322,0.9302215576171875,0.0697784423828125,928.5800170898438,66.47428894042969,0.06924659013748169
505,3.826127529144287,0.4749789535999298,0.09397317469120026,0.4726894497871399,-0.0064459266141057014,-0.41362178325653076,-0.18933694064617157,-0.0598958283662796,-0.010577034205198288,-0.00675597507506609,-0.00835505686700344,-0.08009874820709229,0.93115234375,0.06884765625,929.9299926757812,66.71884155273438,0.06953871250152588
506,3.8178868293762207,0.4779341220855713,0.09437096118927002,0.47355377674102783,-0.006602047942578793,-0.42017030715942383,-0.19111068546772003,-0.0423642061650753,-0.011468835175037384,-0.007536163087934256,-0.00850396603345871,-0.0804530531167984,0.9305801391601562,0.06941986083984375,922.8099975585938,66.24468994140625,0.06962379813194275
507,3.7122724056243896,0.4681747853755951,0.09227737784385681,0.46408984065055847,-0.006532466504722834,-0.414154052734375,-0.18692687153816223,-0.0569661408662796,-0.010938000865280628,-0.009420846588909626,-0.008383876644074917,-0.07986520230770111,0.9309463500976562,0.06905364990234375,906.25,64.04691314697266,0.0694127082824707
508,3.867351531982422,0.48164087533950806,0.09545131027698517,0.4800386428833008,-0.006623172666877508,-0.4248574376106262,-0.19125208258628845,-0.0426897294819355,-0.011045238934457302,-0.002806232310831547,-0.008555746637284756,-0.08079717308282852,0.9301681518554688,0.06983184814453125,937.1900024414062,67.42713165283203,0.06951438635587692
509,3.920274257659912,0.4842797517776489,0.0961732566356659,0.4819924831390381,-0.006609843112528324,-0.42411553859710693,-0.19214513897895813,-0.040767602622509,-0.011753949336707592,-0.0035580801777541637,-0.00852484256029129,-0.07939417660236359,0.9312820434570312,0.06871795654296875,933.8400268554688,67.6483383178711,0.06972972303628922
510,3.943150043487549,0.48937076330184937,0.09711597114801407,0.4881974458694458,-0.006757947616279125,-0.4378061294555664,-0.192592054605484,-0.01806640438735485,-0.0121653713285923,-0.002609019400551915,-0.008761778473854065,-0.08117476850748062,0.9312667846679688,0.06873321533203125,930.3699951171875,67.73460388183594,0.06982950866222382
511,3.9159655570983887,0.4841878414154053,0.09609173983335495,0.48208796977996826,-0.006616752594709396,-0.42925673723220825,-0.19044514000415802,-0.033203125,-0.012424075976014137,-0.004120174329727888,-0.00863359309732914,-0.08041216433048248,0.9319381713867188,0.06806182861328125,924.7899780273438,66.8690185546875,0.06995321065187454
512,3.8497562408447266,0.4764706790447235,0.09442268311977386,0.47508811950683594,-0.006507528945803642,-0.41749462485313416,-0.18880516290664673,-0.0503704696893692,-0.012133737094700336,-0.0070071713998913765,-0.008405294269323349,-0.07827837765216827,0.9324111938476562,0.06758880615234375,900.9199829101562,64.52938842773438,0.07008475065231323
513,3.838751792907715,0.47958874702453613,0.09500644356012344,0.4764438569545746,-0.0066821761429309845,-0.42757946252822876,-0.19112735986709595,-0.0488513745367527,-0.013726664707064629,-0.006003907416015863,-0.008618557825684547,-0.08094090968370438,0.9320755004882812,0.06792449951171875,913.4500122070312,64.64989471435547,0.07032568752765656
514,3.801337242126465,0.47349587082862854,0.09378676116466522,0.46957927942276,-0.006479389034211636,-0.41654714941978455,-0.18729756772518158,-0.0627557635307312,-0.011470923200249672,-0.008135603740811348,-0.008408233523368835,-0.07745674252510071,0.9319229125976562,0.06807708740234375,925.5999755859375,67.0587158203125,0.0704134851694107
515,3.796008825302124,0.47157031297683716,0.0929906964302063,0.4667394161224365,-0.0064339968375861645,-0.4078250527381897,-0.18707138299942017,-0.067026287317276,-0.010888943448662758,-0.013969910331070423,-0.008257042616605759,-0.07931211590766907,0.931060791015625,0.068939208984375,905.5900268554688,65.0318603515625,0.07031232118606567
516,3.8668112754821777,0.48120415210723877,0.09531320631504059,0.4795360565185547,-0.006563681177794933,-0.4215395152568817,-0.18971697986125946,-0.0286690816283226,-0.012480974197387695,-0.004511052742600441,-0.008568608202040195,-0.08039557933807373,0.9305953979492188,0.06940460205078125,933.4099731445312,67.42647552490234,0.07033930718898773
517,3.927166700363159,0.48782745003700256,0.09673087298870087,0.48576298356056213,-0.006588689982891083,-0.42229434847831726,-0.19210129976272583,-0.0244140587747097,-0.011539097875356674,-0.0031904582865536213,-0.008533996529877186,-0.08087137341499329,0.9313125610351562,0.06868743896484375,930.1400146484375,67.25749206542969,0.07033601403236389
518,3.9659414291381836,0.4937606453895569,0.09791044145822525,0.49070191383361816,-0.006651115603744984,-0.4294806718826294,-0.19362635910511017,-0.02424496039748192,-0.011126238852739334,-0.004885888658463955,-0.008655769750475883,-0.08098851144313812,0.9315872192382812,0.06841278076171875,948.4299926757812,68.5984878540039,0.07050342857837677
519,3.6944081783294678,0.46260592341423035,0.09144160896539688,0.45961862802505493,-0.00626115407794714,-0.40100663900375366,-0.1816750466823578,-0.0600585900247097,-0.011114487424492836,-0.008797260001301765,-0.00813346728682518,-0.07674075663089752,0.932861328125,0.067138671875,888.4000244140625,63.21909713745117,0.07037971913814545
520,3.8019845485687256,0.4752875566482544,0.09405342489480972,0.47242122888565063,-0.006430497393012047,-0.4109340012073517,-0.18734773993492126,-0.0591052770614624,-0.011207107454538345,-0.007222561165690422,-0.008316075429320335,-0.07959199696779251,0.9322433471679688,0.06775665283203125,902.5800170898438,64.38736724853516,0.07039797306060791
521,3.866499900817871,0.48293536901474,0.0955742821097374,0.4807705283164978,-0.006593208760023117,-0.42336225509643555,-0.19068579375743866,-0.0379231721162796,-0.012480638921260834,-0.006898881867527962,-0.008535818196833134,-0.0802493542432785,0.931396484375,0.068603515625,930.1799926757812,66.97428894042969,0.07043769955635071
522,3.8105130195617676,0.4751855432987213,0.09385070204734802,0.47134074568748474,-0.006485590245574713,-0.4135395884513855,-0.18762125074863434,-0.0542224645614624,-0.011709889397025108,-0.011846642009913921,-0.00837797299027443,-0.07810584455728531,0.9314422607421875,0.0685577392578125,918.6199951171875,65.60408020019531,0.07073318213224411
523,3.840056896209717,0.47991132736206055,0.09490066766738892,0.47544246912002563,-0.0064847227185964584,-0.41268110275268555,-0.1894608438014984,-0.0446196012198925,-0.010747003369033337,-0.008695118129253387,-0.008363165892660618,-0.07927229255437851,0.9320449829101562,0.06795501708984375,913.239990234375,65.53840637207031,0.07080517709255219
524,3.818716049194336,0.47714340686798096,0.09454809874296188,0.47417014837265015,-0.006490837782621384,-0.4187106192111969,-0.18656037747859955,-0.058368980884552,-0.011500304564833641,-0.005967266391962767,-0.008500279858708382,-0.07918624579906464,0.9322052001953125,0.0677947998046875,913.7100219726562,64.98147583007812,0.07085588574409485
525,3.899543285369873,0.4836021661758423,0.09583203494548798,0.48116135597229004,-0.0065402984619140625,-0.42257019877433777,-0.18994258344173431,-0.0362955704331398,-0.011367239989340305,-0.005791465751826763,-0.008536414243280888,-0.08083207905292511,0.9317474365234375,0.0682525634765625,943.1099853515625,68.46085357666016,0.07091015577316284
526,3.884544849395752,0.48278021812438965,0.0955902487039566,0.480884313583374,-0.006421641446650028,-0.41282615065574646,-0.1892050802707672,-0.0426897294819355,-0.010987713932991028,-0.005974241532385349,-0.008361749351024628,-0.07909177243709564,0.9318313598632812,0.06816864013671875,928.239990234375,67.15580749511719,0.07106111943721771
527,3.948744058609009,0.48827147483825684,0.0967387855052948,0.48597007989883423,-0.0065005188807845116,-0.4179208278656006,-0.19148822128772736,-0.0410621240735054,-0.011351079680025578,-0.004963804967701435,-0.008445873856544495,-0.08003982901573181,0.9321060180664062,0.06789398193359375,941.25,68.55795288085938,0.07097187638282776
528,3.891721725463867,0.4832291901111603,0.09586165845394135,0.48149359226226807,-0.006525580771267414,-0.4193379878997803,-0.1902831792831421,-0.0329241044819355,-0.011651944369077682,-0.007929801940917969,-0.008539649657905102,-0.07932551205158234,0.932525634765625,0.067474365234375,913.5599975585938,65.8276138305664,0.07086211442947388
529,3.923708200454712,0.48756396770477295,0.09684594720602036,0.48666152358055115,-0.00653100898489356,-0.42293256521224976,-0.19027623534202576,-0.02366296760737896,-0.010982552543282509,-0.00318076740950346,-0.008542103692889214,-0.07994009554386139,0.9326324462890625,0.0673675537109375,940.0900268554688,68.27617645263672,0.07071962207555771
530,3.851426124572754,0.48373880982398987,0.09582921117544174,0.4809929430484772,-0.006561447866261005,-0.41919535398483276,-0.19066980481147766,-0.0431315079331398,-0.012755721807479858,-0.005643501877784729,-0.008510148152709007,-0.07953214645385742,0.9337081909179688,0.06629180908203125,920.22998046875,65.6464614868164,0.07067455351352692
531,3.9316444396972656,0.4886302351951599,0.0968160629272461,0.4846454858779907,-0.006499760784208775,-0.4180269241333008,-0.19140656292438507,-0.0350167378783226,-0.010918313637375832,-0.005516747012734413,-0.008487260900437832,-0.07966291159391403,0.9340057373046875,0.0659942626953125,937.7999877929688,68.60099792480469,0.07077181339263916
532,3.7755112648010254,0.47191303968429565,0.09322811663150787,0.46817487478256226,-0.006397271528840065,-0.4094785451889038,-0.1863722801208496,-0.0450846329331398,-0.011700025759637356,-0.009679026901721954,-0.008304820396006107,-0.07776710391044617,0.9345855712890625,0.0654144287109375,927.6099853515625,67.19255828857422,0.07081173360347748
533,3.9258158206939697,0.4890856444835663,0.09698481112718582,0.48750701546669006,-0.006548255681991577,-0.42207324504852295,-0.19142742455005646,-0.02414279244840145,-0.012296309694647789,-0.0038446204271167517,-0.00854123942553997,-0.08043719828128815,0.9350128173828125,0.0649871826171875,939.010009765625,68.2457046508789,0.07063274085521698
534,3.9486589431762695,0.48978790640830994,0.09729742258787155,0.48768508434295654,-0.006517759524285793,-0.42150595784187317,-0.1910461187362671,-0.0337689071893692,-0.012732257135212421,-0.00528675178065896,-0.008570995181798935,-0.0806085467338562,0.9355392456054688,0.06446075439453125,933.6400146484375,67.12606048583984,0.07045938074588776
535,3.737658739089966,0.4658033847808838,0.09244054555892944,0.46387380361557007,-0.006255640648305416,-0.40240001678466797,-0.18312597274780273,-0.0641275942325592,-0.012076960876584053,-0.004806630313396454,-0.008175170980393887,-0.07590814679861069,0.9354782104492188,0.06452178955078125,905.219970703125,65.22248077392578,0.07060647755861282
536,3.9514729976654053,0.4933132827281952,0.09764190763235092,0.4912978708744049,-0.006592798512428999,-0.4249694347381592,-0.19446474313735962,-0.01876395009458065,-0.012039192952215672,-0.003416307270526886,-0.008633261546492577,-0.08173814415931702,0.9362716674804688,0.06372833251953125,947.7100219726562,68.77303314208984,0.07079289853572845
537,3.972388505935669,0.49481165409088135,0.09831254184246063,0.49328234791755676,-0.006624343805015087,-0.4266514480113983,-0.19432970881462097,-0.01157923974096775,-0.011486969888210297,-0.0026457887142896652,-0.00869924295693636,-0.08100242912769318,0.937591552734375,0.062408447265625,948.4400024414062,68.80970001220703,0.07056943327188492
538,3.838507652282715,0.481147825717926,0.09541159868240356,0.47825703024864197,-0.006458723917603493,-0.41420474648475647,-0.1884097158908844,-0.0390857495367527,-0.013258980587124825,-0.006402401253581047,-0.008449707180261612,-0.07899412512779236,0.938629150390625,0.061370849609375,909.3599853515625,64.33436584472656,0.07056285440921783
539,3.892117977142334,0.486743301153183,0.09639427065849304,0.48451346158981323,-0.006530725862830877,-0.42076587677001953,-0.19114693999290466,-0.0229724682867527,-0.013042286038398743,-0.00505387457087636,-0.00858054868876934,-0.08002649247646332,0.938751220703125,0.061248779296875,936.6400146484375,67.50469970703125,0.07053223252296448
540,3.9260432720184326,0.48964834213256836,0.09717434644699097,0.4864531457424164,-0.006598198786377907,-0.4228762984275818,-0.1916465163230896,-0.0330403633415699,-0.01268717460334301,-0.006460580974817276,-0.008603966794908047,-0.0814148560166359,0.939300537109375,0.060699462890625,938.9500122070312,67.72582244873047,0.07057088613510132
541,3.7391908168792725,0.4669039249420166,0.09246690571308136,0.4643540382385254,-0.006217792630195618,-0.39995139837265015,-0.18235942721366882,-0.0820312425494194,-0.011563537642359734,-0.00812204647809267,-0.008136477321386337,-0.07694490998983383,0.9385757446289062,0.06142425537109375,895.4500122070312,64.00379943847656,0.07074213773012161
542,3.9199225902557373,0.4908781051635742,0.09728953242301941,0.4887146055698395,-0.006556783337146044,-0.4202045202255249,-0.19246119260787964,-0.0322265587747097,-0.012048830278217793,-0.007322575431317091,-0.008602036163210869,-0.08197039365768433,0.9383544921875,0.0616455078125,934.6300048828125,66.76148223876953,0.07084640860557556
543,3.838794708251953,0.47839152812957764,0.09482938051223755,0.47612854838371277,-0.006454549729824066,-0.4162963032722473,-0.18739524483680725,-0.0553385391831398,-0.012936843559145927,-0.007917936891317368,-0.00843033567070961,-0.07900671660900116,0.93853759765625,0.06146240234375,901.4299926757812,63.73893737792969,0.07085604965686798
544,3.9085919857025146,0.4901216924190521,0.09709474444389343,0.4877655506134033,-0.006554453633725643,-0.42437201738357544,-0.19101737439632416,-0.0307617150247097,-0.01306404173374176,-0.004642677493393421,-0.008633468300104141,-0.08161674439907074,0.9389801025390625,0.0610198974609375,933.6799926757812,67.36306762695312,0.07100771367549896
545,3.915421962738037,0.49038761854171753,0.0971677303314209,0.48801639676094055,-0.006580101791769266,-0.4226393699645996,-0.1920294612646103,-0.0240885391831398,-0.01237177662551403,-0.0039498829282820225,-0.008630284108221531,-0.08066771924495697,0.9395904541015625,0.0604095458984375,934.72998046875,67.16879272460938,0.07094259560108185
546,3.803227663040161,0.47720277309417725,0.09448090195655823,0.4739271104335785,-0.006376476492732763,-0.40904730558395386,-0.18693506717681885,-0.0530598908662796,-0.01329631358385086,-0.0059716971591115,-0.008303149603307247,-0.08021107316017151,0.940338134765625,0.059661865234375,902.75,64.4520492553711,0.07093162834644318
547,3.8826169967651367,0.482833594083786,0.09595601260662079,0.48168495297431946,-0.006408054381608963,-0.41519778966903687,-0.18772368133068085,-0.0441080704331398,-0.011734643951058388,-0.005008968524634838,-0.008457527495920658,-0.07860636711120605,0.938751220703125,0.061248779296875,914.510009765625,65.49759674072266,0.07110711932182312
548,3.9130725860595703,0.48749247193336487,0.09663088619709015,0.4844937324523926,-0.006508801132440567,-0.41985031962394714,-0.18993353843688965,-0.02929687313735485,-0.013594160787761211,-0.0061700232326984406,-0.008539739064872265,-0.08074437081813812,0.938568115234375,0.061431884765625,928.8400268554688,66.7988510131836,0.07108545303344727
549,3.932529926300049,0.49047034978866577,0.09741750359535217,0.48847681283950806,-0.006547301076352596,-0.4241703748703003,-0.19107575714588165,-0.0317615307867527,-0.013257412239909172,-0.0034047788940370083,-0.00865026656538248,-0.08055666089057922,0.9385757446289062,0.06142425537109375,942.3300170898438,68.03650665283203,0.07118374854326248
550,3.958458423614502,0.49401193857192993,0.09803137928247452,0.49284833669662476,-0.0066190436482429504,-0.4287208318710327,-0.19254814088344574,-0.02036830224096775,-0.013586243614554405,-0.003882337361574173,-0.008702058345079422,-0.08160147815942764,0.9402618408203125,0.0597381591796875,946.3900146484375,68.8232192993164,0.07112030684947968
551,3.956256866455078,0.49230554699897766,0.09805065393447876,0.4909874200820923,-0.0065181683748960495,-0.42326173186302185,-0.19035261869430542,-0.0159195177257061,-0.013677489943802357,-0.0011349074775353074,-0.008637059479951859,-0.08045223355293274,0.9422607421875,0.0577392578125,935.1799926757812,67.85834503173828,0.07091578841209412
552,3.8575029373168945,0.4811689853668213,0.09542591124773026,0.47965818643569946,-0.006386015564203262,-0.41287440061569214,-0.18688949942588806,-0.0384889617562294,-0.012021394446492195,-0.005042887758463621,-0.008421039208769798,-0.07882151752710342,0.94244384765625,0.05755615234375,920.8099975585938,66.16090393066406,0.07087959349155426
553,3.9660205841064453,0.49406516551971436,0.09803726524114609,0.49317169189453125,-0.0065047042444348335,-0.42092496156692505,-0.19214817881584167,-0.009765624068677425,-0.011426946148276329,-0.004702763631939888,-0.008567236363887787,-0.08095680177211761,0.9435501098632812,0.05644989013671875,951.0700073242188,69.42024230957031,0.07075496762990952
554,3.839858055114746,0.47982996702194214,0.09497790038585663,0.47833251953125,-0.006374713033437729,-0.4126620292663574,-0.1875394582748413,-0.0399460531771183,-0.012467958964407444,-0.004106942564249039,-0.008402089588344097,-0.07975997030735016,0.945068359375,0.054931640625,923.8900146484375,66.78459930419922,0.07077410817146301
555,3.99562931060791,0.49690598249435425,0.09867502748966217,0.495488703250885,-0.00658598355948925,-0.42686086893081665,-0.1935703605413437,-0.0187174454331398,-0.013508282601833344,-0.002918433863669634,-0.00869724527001381,-0.08086371421813965,0.9464340209960938,0.05356597900390625,951.0499877929688,69.19084167480469,0.07098278403282166
556,3.9378085136413574,0.4889320731163025,0.09716181457042694,0.4862551689147949,-0.006425566505640745,-0.415884405374527,-0.19001886248588562,-0.0338541641831398,-0.010700322687625885,-0.0024675356689840555,-0.008501650765538216,-0.07884155213832855,0.9473419189453125,0.0526580810546875,944.6900024414062,68.7918701171875,0.07091032713651657
557,3.892226219177246,0.48460012674331665,0.09581354260444641,0.48136311769485474,-0.006407624576240778,-0.41206246614456177,-0.1895083785057068,-0.02948288433253765,-0.012565693818032742,-0.00662144785746932,-0.008385797962546349,-0.08023934066295624,0.9474105834960938,0.05258941650390625,929.739990234375,67.0382080078125,0.07084062695503235
558,3.872786283493042,0.4871804416179657,0.09646515548229218,0.4830913543701172,-0.006543884053826332,-0.42301732301712036,-0.18955089151859283,-0.0336293987929821,-0.013214918784797192,-0.003297720802947879,-0.008627164177596569,-0.0808471143245697,0.9471817016601562,0.05281829833984375,938.22998046875,67.79830932617188,0.07087446749210358
559,3.9675190448760986,0.49344897270202637,0.0979880690574646,0.48908868432044983,-0.00653222668915987,-0.4182842969894409,-0.19346389174461365,-0.0226236954331398,-0.013016358949244022,-0.004601999185979366,-0.008543610572814941,-0.07941271364688873,0.9475479125976562,0.05245208740234375,946.97998046875,68.87057495117188,0.07072135806083679
560,3.8255691528320312,0.4782465696334839,0.0949166864156723,0.47684571146965027,-0.006311860401183367,-0.407875120639801,-0.18593117594718933,-0.0361328125,-0.011092575266957283,-0.0056062000803649426,-0.008329239673912525,-0.07762235403060913,0.9467849731445312,0.05321502685546875,912.1699829101562,65.55294799804688,0.0705462098121643
561,3.9353156089782715,0.49131619930267334,0.09761521965265274,0.4894244074821472,-0.006468199193477631,-0.4196259379386902,-0.1895444393157959,-0.0250651016831398,-0.013172673992812634,-0.003475744742900133,-0.008582637645304203,-0.07934917509555817,0.9468917846679688,0.05310821533203125,938.0999755859375,67.54840850830078,0.07056881487369537
562,3.889652967453003,0.4842110276222229,0.0957314744591713,0.48188549280166626,-0.006371936295181513,-0.41114622354507446,-0.18839992582798004,-0.0372411273419857,-0.012050198391079903,-0.005990413948893547,-0.008415039628744125,-0.08014993369579315,0.9462127685546875,0.0537872314453125,916.9400024414062,66.23815155029297,0.07072910666465759
563,3.767292022705078,0.46963462233543396,0.09310580790042877,0.4664565920829773,-0.006271295715123415,-0.40436238050460815,-0.18244975805282593,-0.071552574634552,-0.012812539935112,-0.006388530135154724,-0.008271807804703712,-0.07673799991607666,0.9443435668945312,0.05565643310546875,922.1300048828125,66.30085754394531,0.07085173577070236
564,3.870077610015869,0.4804631173610687,0.09534339606761932,0.4790502190589905,-0.006394392345100641,-0.41243481636047363,-0.18738283216953278,-0.0354817658662796,-0.012666459195315838,-0.0051122973673045635,-0.008420772850513458,-0.07939056307077408,0.9432601928710938,0.05673980712890625,937.22998046875,67.85417938232422,0.07099819928407669
565,3.8978219032287598,0.4868432283401489,0.0964316725730896,0.4841214716434479,-0.006437571719288826,-0.4145141839981079,-0.18989476561546326,-0.0392485074698925,-0.012486327439546585,-0.00620562257245183,-0.008482302539050579,-0.08043564856052399,0.9440765380859375,0.0559234619140625,934.3300170898438,67.09888458251953,0.07113812863826752
566,3.9020605087280273,0.48653051257133484,0.09655515849590302,0.4846477508544922,-0.0064513348042964935,-0.4176493287086487,-0.18756845593452454,-0.0337146557867527,-0.011607944965362549,-0.004331306088715792,-0.008574566803872585,-0.0809469223022461,0.9441146850585938,0.05588531494140625,933.8699951171875,67.39286041259766,0.07112851738929749
567,3.8695831298828125,0.4839271903038025,0.09577623009681702,0.48260897397994995,-0.0064565143547952175,-0.4176754653453827,-0.1876736879348755,-0.0419921837747097,-0.013270554132759571,-0.0058734845370054245,-0.008545181713998318,-0.0797959566116333,0.943206787109375,0.056793212890625,932.7100219726562,67.23320770263672,0.07095299661159515
568,3.8774285316467285,0.484588623046875,0.09612636268138885,0.48331180214881897,-0.006389719434082508,-0.41443753242492676,-0.1869860142469406,-0.0295603908598423,-0.013680288568139076,-0.003204961773008108,-0.00843751709908247,-0.0784851461648941,0.9431381225585938,0.05686187744140625,924.5700073242188,66.22380828857422,0.07109564542770386
569,3.9600281715393066,0.49306538701057434,0.09770365059375763,0.49087756872177124,-0.006492293439805508,-0.42025887966156006,-0.190562903881073,-0.02134486474096775,-0.012801986187696457,-0.00345514714717865,-0.00859809760004282,-0.08065889030694962,0.9441452026367188,0.05585479736328125,941.989990234375,68.2821044921875,0.07104900479316711
570,3.91851544380188,0.48730939626693726,0.09641148149967194,0.4843268096446991,-0.006508723832666874,-0.41785621643066406,-0.1899321973323822,-0.0387369766831398,-0.011741692200303078,-0.008115747943520546,-0.00853585172444582,-0.0798105001449585,0.9443893432617188,0.05561065673828125,934.469970703125,67.77027130126953,0.07095122337341309
571,3.90179181098938,0.4846210777759552,0.09635031223297119,0.4831746518611908,-0.006384804379194975,-0.4152568578720093,-0.18713316321372986,-0.0400390587747097,-0.013258423656225204,-0.0028625032864511013,-0.008462822996079922,-0.07887813448905945,0.944549560546875,0.055450439453125,919.219970703125,66.32968139648438,0.0709136426448822
572,3.819401502609253,0.475065141916275,0.09408760070800781,0.47258371114730835,-0.006317613646388054,-0.407969206571579,-0.18400734663009644,-0.0431547611951828,-0.0120647381991148,-0.006780198309570551,-0.008337200619280338,-0.07941694557666779,0.9442596435546875,0.0557403564453125,913.4600219726562,65.95816802978516,0.07092982530593872
573,3.888076066970825,0.4876237213611603,0.09651818871498108,0.48510241508483887,-0.006516342516988516,-0.4210907220840454,-0.18859583139419556,-0.02734374813735485,-0.013328895904123783,-0.006645108573138714,-0.008669303730130196,-0.08039214462041855,0.9449234008789062,0.05507659912109375,937.7999877929688,67.28218078613281,0.07092750072479248
574,3.9460995197296143,0.4913463890552521,0.09766795486211777,0.4901741147041321,-0.00648016482591629,-0.4220408797264099,-0.18916046619415283,-0.02479383535683155,-0.01360623724758625,-0.002274289960041642,-0.008664220571517944,-0.07992228120565414,0.9467391967773438,0.05326080322265625,942.8599853515625,68.56763458251953,0.07104261219501495
575,3.9208297729492188,0.4883735775947571,0.09717699885368347,0.4872148036956787,-0.006375659257173538,-0.4159051477909088,-0.18725720047950745,-0.0265842005610466,-0.01236814260482788,-0.001765620312653482,-0.008496716618537903,-0.07851551473140717,0.94720458984375,0.05279541015625,933.5999755859375,67.97557067871094,0.07101979851722717
576,3.8843936920166016,0.4834003448486328,0.0957479476928711,0.48148009181022644,-0.006349395960569382,-0.4094182848930359,-0.18699632585048676,-0.0495721697807312,-0.013102521188557148,-0.007517132442444563,-0.008400475606322289,-0.07905849069356918,0.9471054077148438,0.05289459228515625,901.6500244140625,64.45722198486328,0.07086621969938278
577,3.892284870147705,0.4839840531349182,0.09605208039283752,0.48276951909065247,-0.006350104697048664,-0.4103424549102783,-0.18692836165428162,-0.0411783829331398,-0.011256895959377289,-0.0037903920747339725,-0.00843274686485529,-0.07815360277891159,0.94744873046875,0.05255126953125,925.3800048828125,67.02342987060547,0.07089971005916595
578,3.9038500785827637,0.4866924285888672,0.0965844988822937,0.4851533770561218,-0.006431849207729101,-0.417980432510376,-0.1871030032634735,-0.0289713516831398,-0.012540196999907494,-0.004122767597436905,-0.00852356106042862,-0.0799088105559349,0.9480819702148438,0.05191802978515625,915.969970703125,66.01084899902344,0.0707256868481636
579,3.9143033027648926,0.48697108030319214,0.09653960168361664,0.48509228229522705,-0.006469963118433952,-0.42135071754455566,-0.187459796667099,-0.0283668152987957,-0.01159486174583435,-0.003726586699485779,-0.008632325567305088,-0.08067487180233002,0.9479598999023438,0.05204010009765625,926.22998046875,66.71015167236328,0.0708313137292862
580,3.989304542541504,0.49436628818511963,0.09832969307899475,0.4932587146759033,-0.006445954088121653,-0.42015349864959717,-0.18957187235355377,-0.01367187313735485,-0.011136123910546303,-0.0013494881568476558,-0.008608516305685043,-0.07924361526966095,0.9479446411132812,0.05205535888671875,938.9600219726562,68.23670959472656,0.07078041881322861
581,3.847646951675415,0.48047128319740295,0.09524708241224289,0.4788525700569153,-0.006312230601906776,-0.41015249490737915,-0.18391144275665283,-0.0376674085855484,-0.011672208085656166,-0.004784782417118549,-0.008397700265049934,-0.078065887093544,0.9474639892578125,0.0525360107421875,905.7899780273438,65.05022430419922,0.07081073522567749
582,3.9122276306152344,0.4878331124782562,0.09684745967388153,0.4860566258430481,-0.00635759299620986,-0.414284348487854,-0.1869407594203949,-0.0190972201526165,-0.012469754554331303,-0.002540558809414506,-0.008491395972669125,-0.07948467135429382,0.9470596313476562,0.05294036865234375,955.47998046875,69.47199249267578,0.07062137871980667
583,3.8428289890289307,0.4779871702194214,0.09491834044456482,0.4773228168487549,-0.006231875158846378,-0.4046376347541809,-0.1827903538942337,-0.0383029468357563,-0.012341897934675217,-0.00440051406621933,-0.008322016336023808,-0.07644134759902954,0.9476470947265625,0.0523529052734375,912.25,65.65890502929688,0.07074317336082458
584,3.8461697101593018,0.4819006323814392,0.09554348886013031,0.4804135859012604,-0.006349180359393358,-0.41325950622558594,-0.18301184475421906,-0.0461309477686882,-0.011753205209970474,-0.004425312392413616,-0.008460264652967453,-0.07800745964050293,0.94622802734375,0.05377197265625,933.3699951171875,67.06321716308594,0.07086924463510513
585,3.9731082916259766,0.49428296089172363,0.09817864745855331,0.49275338649749756,-0.006464160513132811,-0.4222269058227539,-0.18838994204998016,-0.013369604013860226,-0.013089803047478199,-0.002275425009429455,-0.008643514476716518,-0.07954111695289612,0.9461212158203125,0.0538787841796875,949.8499755859375,69.55764770507812,0.0708869993686676
586,3.783176898956299,0.47378289699554443,0.0939350426197052,0.47126927971839905,-0.006218456197530031,-0.4031791687011719,-0.1815536618232727,-0.054997518658638,-0.011510609649121761,-0.006484879180788994,-0.008286111056804657,-0.07795122265815735,0.9452667236328125,0.0547332763671875,878.9600219726562,62.374752044677734,0.07088817656040192
587,3.8591434955596924,0.48090672492980957,0.09523674100637436,0.47875145077705383,-0.006301531568169594,-0.4093138575553894,-0.18329080939292908,-0.0397367924451828,-0.012035926803946495,-0.004856044426560402,-0.00838182121515274,-0.0782662034034729,0.94378662109375,0.05621337890625,913.0999755859375,65.77850341796875,0.07098005712032318
588,3.990967273712158,0.4973122477531433,0.09887486696243286,0.4958372116088867,-0.0065002888441085815,-0.42597633600234985,-0.18825441598892212,-0.01855468563735485,-0.012434077449142933,-0.0014711387921124697,-0.008791344240307808,-0.07954977452754974,0.9439849853515625,0.0560150146484375,949.7100219726562,68.85929870605469,0.07081901282072067
589,3.827742099761963,0.478490948677063,0.09472610056400299,0.4754980206489563,-0.006257000379264355,-0.4055377244949341,-0.18285875022411346,-0.0440228134393692,-0.012910128571093082,-0.005754181183874607,-0.00828026793897152,-0.07792557775974274,0.9435806274414062,0.05641937255859375,933.9400024414062,67.4095230102539,0.07094798982143402
590,3.8985159397125244,0.48531216382980347,0.09638248383998871,0.4842490553855896,-0.006308638956397772,-0.4117169678211212,-0.18592903017997742,-0.03018043003976345,-0.011844208464026451,-0.005482721142470837,-0.008413577452301979,-0.07757599651813507,0.9437484741210938,0.05625152587890625,926.0800170898438,66.87677764892578,0.07092057168483734
591,3.941157579421997,0.48830994963645935,0.09671276807785034,0.4870709180831909,-0.00628528231754899,-0.40956243872642517,-0.1848389059305191,-0.0205310620367527,-0.01074949186295271,-0.004286397248506546,-0.008399266749620438,-0.07760313153266907,0.9443588256835938,0.05564117431640625,918.77001953125,66.68396759033203,0.0709562748670578
592,3.897465944290161,0.4854769706726074,0.0961603969335556,0.4825650453567505,-0.0063775149174034595,-0.41327154636383057,-0.18480771780014038,-0.0404420867562294,-0.0119288619607687,-0.006254725158214569,-0.008503258228302002,-0.07729746401309967,0.9444580078125,0.0555419921875,936.3200073242188,67.91145324707031,0.07105095684528351
593,3.833632230758667,0.4773048162460327,0.09442092478275299,0.4753490388393402,-0.006216554902493954,-0.40264227986335754,-0.18238350749015808,-0.0435887835919857,-0.010531885549426079,-0.009120442904531956,-0.008243882097303867,-0.076292984187603,0.9456329345703125,0.0543670654296875,919.4099731445312,66.39381408691406,0.07101757079362869
594,3.8779654502868652,0.48627418279647827,0.09606166183948517,0.48335978388786316,-0.006339404731988907,-0.412549763917923,-0.18431618809700012,-0.0397910438477993,-0.011348189786076546,-0.006563159637153149,-0.008452044799923897,-0.07903167605400085,0.94635009765625,0.05364990234375,923.77001953125,65.80332946777344,0.07098178565502167
595,3.9513206481933594,0.4912880063056946,0.09764127433300018,0.49005556106567383,-0.0064149284735322,-0.41901564598083496,-0.18580636382102966,-0.02232142724096775,-0.011136647313833237,-0.0031102842185646296,-0.008606364950537682,-0.07964746654033661,0.94635009765625,0.05364990234375,934.489990234375,68.15510559082031,0.07088679075241089
596,3.9206018447875977,0.48746633529663086,0.09669829905033112,0.48651033639907837,-0.006381947081536055,-0.4164935052394867,-0.1848207712173462,-0.0286458320915699,-0.01187918707728386,-0.004344926215708256,-0.00858393870294094,-0.07837599515914917,0.9466934204101562,0.05330657958984375,942.3400268554688,68.693359375,0.0708099752664566
597,3.8772549629211426,0.48315539956092834,0.09583179652690887,0.4818120002746582,-0.0063524204306304455,-0.41517359018325806,-0.18342415988445282,-0.0320638008415699,-0.011487899348139763,-0.004140541423112154,-0.008486790582537651,-0.0787840485572815,0.9466400146484375,0.0533599853515625,934.8200073242188,68.00637817382812,0.07089252769947052
598,3.9218297004699707,0.4909954071044922,0.0974721610546112,0.48957163095474243,-0.006448792293667793,-0.42341935634613037,-0.1851932555437088,-0.01743861474096775,-0.013037974946200848,-0.002632690593600273,-0.008634659461677074,-0.07897627353668213,0.9468612670898438,0.05313873291015625,942.3099975585938,68.519287109375,0.07102476060390472
599,3.8926119804382324,0.4861253798007965,0.09632784128189087,0.48398900032043457,-0.006390539929270744,-0.4150908589363098,-0.1844705045223236,-0.0282040536403656,-0.01085897907614708,-0.0055748396553099155,-0.008535761386156082,-0.07846273481845856,0.9475631713867188,0.05243682861328125,917.5700073242188,65.89849090576172,0.07094557583332062
